,,,,,,,,,,,,,,,,,,,,,,,,
,,,,,,,,,,,,,,,,,,,,,,,,
,,,,,,,,,,,,,,,,,,,,,,,,
,,,,,,,,,,,,,,,,,,,,,,,,
,,,,United Nations,,,,,,,,,,,,,,,,,,,,
,,,,Population Division,,,,,,,,,,,,,,,,,,,,
,,,,Department of Economic and Social Affairs,,,,,,,,,,,,,,,,,,,,
,,,,,,,,,,,,,,,,,,,,,,,,
,,,,Workbook: UN_MigrantStock_2017.xls,,,,,,,,,,,,,,,,,,,,
,,,,"Table 2 -  Total population at mid-year by sex and by major area, region, country or area, 1990-2017 (thousands)",,,,,,,,,,,,,,,,,,,,
,,,,,,,,,,,,,,,,,,,,,,,,
,,,,December 2017 - Copyright © 2017 by United Nations. All rights reserved,,,,,,,,,,,,,,,,,,,,
,,,,"Suggested citation: United Nations, Department of Economic and Social Affairs. Population Division (2017). Trends in International Migrant Stock: The 2017 revision (United Nations database, POP/DB/MIG/Stock/Rev.2017).",,,,,,,,,,,,,,,,,,,,
,,,,,,,,,,,,,,,,,,,,,,,,
"Sort
order","Major area, region, country or area of destination",Notes,Code,Total population of both sexes at mid-year (thousands)g,,,,,,,Total male population at mid-year (thousands),,,,,,,Total female population at mid-year (thousands),,,,,,
,,,,1990,1995,2000,2005,2010,2015,2017,1990,1995,2000,2005,2010,2015,2017,1990,1995,2000,2005,2010,2015,2017
1,WORLD,,900,"5,330,943","5,751,474","6,145,007","6,542,159","6,958,169","7,383,009","7,550,262","2,680,804","2,893,871","3,092,519","3,295,620","3,507,722","3,723,602","3,808,398","2,649,294","2,856,693","3,051,532","3,245,536","3,449,415","3,658,347","3,740,794"
2,More developed regions,b,901,"1,146,999","1,171,325","1,190,505","1,210,546","1,235,143","1,253,207","1,259,922","556,533","568,801","578,600","588,650","600,834","610,274","613,879","590,061","602,101","611,469","621,433","633,830","642,454","645,564"
3,Less developed regions,c,902,"4,183,944","4,580,149","4,954,502","5,331,614","5,723,027","6,129,802","6,290,340","2,124,272","2,325,070","2,513,919","2,706,970","2,906,888","3,113,329","3,194,519","2,059,233","2,254,592","2,440,063","2,624,103","2,815,584","3,015,892","3,095,230"
4,Least developed countries,d,941,"510,828","585,496","664,805","754,118","848,792","956,631","1,002,486","254,357","292,024","331,434","376,071","422,617","476,581","499,538","256,462","293,463","333,361","378,037","426,164","480,039","502,937"
5,"Less developed regions, excluding least developed countries",,934,"3,673,171","3,994,717","4,289,763","4,577,575","4,874,319","5,173,249","5,287,931","1,869,915","2,033,046","2,182,485","2,330,899","2,484,270","2,636,747","2,694,981","1,802,772","1,961,129","2,106,702","2,246,066","2,389,420","2,535,854","2,592,293"
6,High-income countries,e,1503,"979,798","1,014,366","1,048,290","1,084,099","1,125,490","1,156,575","1,167,958","481,655","499,176","516,353","535,499","558,226","574,994","581,246","497,564","514,562","531,261","547,881","566,519","580,816","585,938"
7,Middle-income countries,e,1517,"4,026,594","4,363,507","4,669,330","4,967,089","5,269,984","5,581,750","5,702,407","2,038,685","2,209,591","2,364,418","2,516,548","2,670,314","2,828,306","2,889,170","1,987,725","2,153,721","2,304,714","2,450,338","2,599,469","2,753,239","2,813,031"
8,Upper-middle-income countries,e,1502,"2,099,726","2,229,246","2,329,418","2,420,247","2,512,514","2,611,849","2,647,482","1,058,877","1,124,193","1,174,229","1,220,542","1,266,899","1,317,231","1,335,159","1,040,666","1,104,858","1,154,990","1,199,502","1,245,414","1,294,414","1,312,118"
9,Lower-middle-income countries,e,1501,"1,926,868","2,134,261","2,339,912","2,546,842","2,757,470","2,969,901","3,054,924","979,808","1,085,398","1,190,189","1,296,006","1,403,415","1,511,076","1,554,011","947,060","1,048,863","1,149,723","1,250,836","1,354,055","1,458,825","1,500,913"
10,Low-income countries,e,1500,"322,686","371,553","425,130","488,441","560,007","641,859","677,007","159,580","184,136","210,678","242,366","277,914","318,970","336,618","163,106","187,416","214,452","246,075","282,093","322,889","340,389"
11,Sub-Saharan Africa,f,947,"513,477","588,910","672,258","767,837","879,522","1,007,882","1,063,198","255,310","292,704","334,352","382,085","437,956","502,497","530,297","258,161","296,200","337,900","385,748","441,562","505,381","532,897"
12,AFRICA,,903,"634,567","722,922","817,566","924,758","1,049,446","1,194,370","1,256,268","316,255","360,186","407,424","460,951","523,303","596,255","627,390","318,307","362,731","410,137","463,802","526,139","598,111","628,874"
13,Eastern Africa,,910,"198,646","226,021","261,114","300,600","346,987","399,458","422,036","98,436","111,844","129,239","148,829","171,946","198,125","209,400","100,210","114,177","131,874","151,771","175,041","201,333","212,636"
14,Burundi,,108,"5,415","5,962","6,401","7,423","8,767","10,199","10,864","2,644","2,901","3,141","3,651","4,305","5,015","5,347","2,772","3,061","3,260","3,773","4,462","5,184","5,518"
15,Comoros,,174,412,475,542,612,690,777,814,206,239,273,308,348,392,411,205,237,270,304,342,385,403
16,Djibouti,,262,590,630,718,783,851,927,957,297,317,361,394,428,466,480,293,313,357,390,424,462,477
17,Eritrea,,232,"3,113","3,090","3,393","3,969","4,391","4,847","5,069","1,557","1,544","1,696","1,985","2,198","2,428","2,540","1,556","1,546","1,697","1,984","2,193","2,419","2,529"
18,Ethiopia,,231,"48,087","57,310","66,537","76,727","87,703","99,873","104,957","23,981","28,573","33,177","38,276","43,768","49,861","52,406","24,105","28,737","33,361","38,451","43,935","50,012","52,551"
19,Kenya,,404,"23,403","27,346","31,450","36,048","41,350","47,236","49,700","11,649","13,595","15,619","17,910","20,554","23,477","24,701","11,753","13,752","15,831","18,139","20,796","23,759","24,999"
20,Madagascar,,450,"11,599","13,475","15,767","18,337","21,152","24,234","25,571","5,791","6,716","7,850","9,130","10,536","12,082","12,752","5,808","6,760","7,916","9,206","10,615","12,152","12,819"
21,Malawi,,454,"9,438","9,909","11,376","13,040","15,167","17,574","18,622","4,638","4,893","5,610","6,436","7,499","8,702","9,225","4,800","5,016","5,766","6,604","7,668","8,871","9,397"
22,Mauritius,1,480,"1,056","1,129","1,185","1,222","1,248","1,259","1,265",527,563,588,606,619,624,626,529,566,597,616,629,636,639
23,Mayotte,,175,95,123,150,178,209,240,253,48,63,76,88,102,118,124,46,61,74,90,107,122,129
24,Mozambique,,508,"13,248","15,759","18,068","20,923","24,221","28,011","29,669","6,328","7,518","8,666","10,106","11,761","13,660","14,490","6,920","8,241","9,401","10,817","12,460","14,350","15,179"
25,Réunion,,638,611,674,737,792,831,863,877,299,329,360,388,402,418,424,312,345,377,403,428,445,452
26,Rwanda,,646,"7,236","5,928","8,026","8,992","10,247","11,630","12,208","3,565","2,876","3,915","4,395","5,017","5,701","5,987","3,671","3,052","4,111","4,597","5,230","5,928","6,222"
27,Seychelles,,690,71,77,81,89,91,94,95,35,38,40,44,47,46,47,35,38,41,44,44,47,48
28,Somalia,,706,"7,397","7,705","9,011","10,410","12,053","13,908","14,743","3,721","3,868","4,516","5,211","6,017","6,929","7,344","3,676","3,837","4,495","5,199","6,036","6,979","7,399"
29,South Sudan,,728,"5,768","5,460","6,701","8,109","10,067","11,882","12,576","2,867","2,716","3,338","4,046","5,032","5,950","6,301","2,901","2,744","3,363","4,063","5,035","5,932","6,275"
30,Uganda,,800,"17,439","20,550","24,039","28,544","33,915","40,145","42,863","8,657","10,170","11,884","14,133","16,841","19,962","21,321","8,781","10,380","12,155","14,411","17,075","20,183","21,542"
31,United Republic of Tanzania,2,834,"25,460","29,961","34,178","39,411","46,099","53,880","57,310","12,594","14,818","16,914","19,441","22,750","26,627","28,342","12,866","15,142","17,264","19,970","23,349","27,253","28,968"
32,Zambia,,894,"8,027","9,137","10,531","12,052","13,850","16,101","17,094","3,978","4,521","5,208","5,967","6,864","7,988","8,482","4,049","4,616","5,323","6,085","6,986","8,112","8,612"
33,Zimbabwe,,716,"10,183","11,320","12,222","12,940","14,086","15,777","16,530","5,054","5,588","6,007","6,315","6,859","7,678","8,051","5,129","5,732","6,215","6,625","7,227","8,099","8,479"
34,Middle Africa,,911,"71,331","84,196","96,099","111,954","131,351","153,743","163,495","35,202","41,630","47,603","55,559","65,314","76,564","81,457","36,129","42,566","48,496","56,395","66,037","77,179","82,038"
35,Angola,,24,"12,171","14,269","16,441","19,553","23,369","27,859","29,784","5,951","6,972","8,034","9,557","11,433","13,654","14,605","6,220","7,297","8,407","9,996","11,936","14,206","15,179"
36,Cameroon,,120,"11,715","13,461","15,274","17,421","19,970","22,835","24,054","5,818","6,696","7,614","8,699","9,985","11,424","12,038","5,897","6,765","7,661","8,722","9,985","11,410","12,015"
37,Central African Republic,,140,"2,940","3,353","3,755","4,128","4,449","4,546","4,659","1,444","1,648","1,848","2,035","2,195","2,242","2,298","1,496","1,705","1,907","2,093","2,254","2,304","2,361"
38,Chad,,148,"5,957","7,001","8,343","10,067","11,887","14,009","14,900","2,957","3,482","4,155","5,025","5,945","7,011","7,458","3,000","3,519","4,187","5,042","5,942","6,998","7,442"
39,Congo,,178,"2,440","2,799","3,226","3,718","4,387","4,996","5,261","1,217","1,396","1,611","1,858","2,194","2,499","2,632","1,223","1,403","1,615","1,860","2,193","2,497","2,629"
40,Democratic Republic of the Congo,,180,"34,615","41,596","47,076","54,751","64,523","76,197","81,340","17,080","20,583","23,345","27,205","32,121","37,996","40,581","17,534","21,012","23,732","27,547","32,402","38,201","40,759"
41,Equatorial Guinea,,226,427,505,614,757,951,"1,175","1,268",212,255,318,401,516,648,702,215,250,296,356,435,527,566
42,Gabon,,266,952,"1,086","1,231","1,403","1,640","1,930","2,025",466,534,611,703,837,992,"1,040",486,552,620,700,803,938,985
43,Sao Tome and Principe,,678,114,126,139,156,175,196,204,56,63,69,77,87,97,102,57,64,70,78,88,98,103
44,Northern Africa,,912,"141,238","158,115","172,559","187,832","204,310","225,136","233,604","71,048","79,570","86,737","94,367","102,501","113,063","117,350","70,190","78,545","85,822","93,466","101,809","112,073","116,254"
45,Algeria,,12,"25,912","28,904","31,184","33,288","36,118","39,872","41,318","13,117","14,639","15,803","16,836","18,230","20,133","20,866","12,795","14,265","15,381","16,453","17,887","19,738","20,452"
46,Egypt,,818,"57,412","63,714","69,906","76,778","84,108","93,778","97,553","28,822","32,059","35,164","38,707","42,466","47,409","49,325","28,590","31,656","34,742","38,072","41,642","46,369","48,228"
47,Libya,,434,"4,437","4,949","5,356","5,793","6,169","6,235","6,375","2,339","2,592","2,780","2,987","3,150","3,148","3,213","2,098","2,357","2,575","2,806","3,020","3,087","3,161"
48,Morocco,,504,"24,879","27,075","28,850","30,521","32,410","34,803","35,740","12,413","13,469","14,294","15,075","15,973","17,220","17,701","12,466","13,606","14,556","15,446","16,437","17,583","18,039"
49,Sudan,3,729,"20,148","24,103","27,251","30,912","34,386","38,648","40,533","10,103","12,089","13,665","15,500","17,153","19,305","20,257","10,044","12,014","13,586","15,412","17,233","19,343","20,276"
50,Tunisia,,788,"8,233","9,114","9,699","10,102","10,640","11,274","11,532","4,139","4,590","4,866","5,032","5,276","5,570","5,697","4,093","4,524","4,833","5,071","5,364","5,703","5,835"
51,Western Sahara,,732,217,256,314,438,480,526,553,114,133,164,231,253,276,290,103,123,150,207,227,250,263
52,Southern Africa,,913,"42,818","48,035","52,286","55,764","59,016","63,420","65,143","21,096","23,574","25,631","27,342","28,950","31,114","31,948","21,723","24,461","26,655","28,422","30,067","32,306","33,196"
53,Botswana,,72,"1,378","1,569","1,728","1,856","2,015","2,209","2,292",678,773,852,916,996,"1,092","1,133",700,796,876,940,"1,019","1,118","1,159"
54,Lesotho,,426,"1,604","1,761","1,869","1,950","2,041","2,175","2,233",775,858,899,942,988,"1,055","1,084",829,904,969,"1,007","1,052","1,120","1,149"
55,Namibia,,516,"1,415","1,655","1,899","2,032","2,173","2,426","2,534",689,808,929,988,"1,052","1,179","1,233",726,848,971,"1,045","1,121","1,247","1,301"
56,South Africa,,710,"37,561","42,088","45,728","48,821","51,585","55,291","56,717","18,549","20,674","22,440","23,961","25,329","27,149","27,836","19,012","21,414","23,288","24,860","26,255","28,142","28,881"
57,Swaziland,,748,861,961,"1,061","1,106","1,203","1,319","1,367",406,461,511,535,583,639,662,456,500,551,571,620,680,705
58,Western Africa,,914,"180,533","206,555","235,508","268,608","307,781","352,614","371,990","90,472","103,567","118,214","134,855","154,593","177,390","187,236","90,055","102,982","117,289","133,749","153,184","175,220","184,751"
59,Benin,,204,"4,978","5,906","6,866","7,982","9,199","10,576","11,176","2,424","2,895","3,383","3,955","4,569","5,270","5,575","2,555","3,011","3,483","4,027","4,630","5,306","5,601"
60,Burkina Faso,,854,"8,811","10,090","11,608","13,422","15,605","18,111","19,193","4,306","4,943","5,702","6,622","7,738","9,019","9,572","4,505","5,147","5,906","6,800","7,868","9,092","9,621"
61,Cabo Verde,,132,342,389,435,475,502,533,546,162,187,210,232,250,265,272,180,202,225,242,253,268,274
62,Côte d'Ivoire,,384,"12,268","14,541","16,687","18,336","20,401","23,108","24,295","6,369","7,527","8,610","9,401","10,409","11,729","12,307","5,898","7,014","8,077","8,935","9,992","11,380","11,988"
63,Gambia,,270,917,"1,066","1,232","1,444","1,692","1,978","2,101",462,533,612,716,838,979,"1,040",455,533,620,728,854,999,"1,061"
64,Ghana,,288,"14,628","16,760","18,939","21,542","24,512","27,583","28,834","7,434","8,474","9,565","10,764","12,134","13,724","14,368","7,195","8,287","9,374","10,778","12,378","13,859","14,466"
65,Guinea,,324,"6,041","7,871","8,809","9,680","10,794","12,092","12,717","2,987","3,904","4,386","4,839","5,400","6,059","6,376","3,054","3,967","4,422","4,841","5,394","6,032","6,341"
66,Guinea-Bissau,,624,"1,012","1,137","1,243","1,381","1,556","1,771","1,861",494,556,608,674,763,870,916,518,581,635,707,793,900,945
67,Liberia,,430,"2,097","2,073","2,885","3,261","3,948","4,500","4,732","1,044","1,032","1,441","1,635","1,985","2,268","2,387","1,053","1,042","1,443","1,626","1,963","2,231","2,345"
68,Mali,,466,"8,465","9,604","10,968","12,799","15,075","17,468","18,542","4,180","4,751","5,440","6,371","7,531","8,736","9,279","4,285","4,853","5,527","6,428","7,544","8,732","9,263"
69,Mauritania,,478,"2,030","2,327","2,709","3,131","3,610","4,182","4,420","1,012","1,160","1,354","1,568","1,812","2,106","2,228","1,018","1,167","1,355","1,562","1,797","2,076","2,192"
70,Niger,,562,"8,013","9,477","11,353","13,618","16,426","19,897","21,477","3,911","4,659","5,635","6,785","8,210","9,968","10,770","4,102","4,818","5,718","6,834","8,216","9,929","10,708"
71,Nigeria,,566,"95,270","108,011","122,352","138,939","158,578","181,182","190,886","47,929","54,380","61,685","70,160","80,204","91,769","96,729","47,341","53,632","60,667","68,780","78,374","89,413","94,157"
72,Saint Helena,4,654,6,5,5,4,4,4,4,..,..,..,..,..,..,..,..,..,..,..,..,..,..
73,Senegal,,686,"7,556","8,747","9,884","11,251","12,916","14,977","15,851","3,761","4,343","4,864","5,518","6,324","7,351","7,787","3,795","4,404","5,020","5,734","6,592","7,626","8,063"
74,Sierra Leone,,694,"4,312","4,275","4,564","5,658","6,459","7,237","7,557","2,130","2,111","2,253","2,791","3,190","3,582","3,743","2,183","2,164","2,311","2,867","3,269","3,655","3,815"
75,Togo,,768,"3,787","4,274","4,970","5,683","6,503","7,417","7,798","1,868","2,114","2,465","2,824","3,237","3,696","3,887","1,919","2,160","2,505","2,860","3,266","3,721","3,911"
76,ASIA,,935,"3,221,342","3,489,306","3,730,371","3,964,343","4,194,425","4,419,898","4,504,428","1,644,720","1,782,068","1,904,672","2,026,433","2,145,953","2,261,590","2,304,731","1,576,622","1,707,238","1,825,699","1,937,910","2,048,472","2,158,308","2,199,697"
77,Central Asia,,5500,"50,343","53,437","55,559","58,738","63,156","68,705","70,840","24,727","26,341","27,370","28,965","31,189","33,974","35,038","25,616","27,096","28,189","29,773","31,968","34,731","35,802"
78,Kazakhstan,,398,"16,540","16,035","15,057","15,541","16,399","17,750","18,204","8,029","7,771","7,243","7,487","7,927","8,595","8,817","8,511","8,264","7,814","8,054","8,472","9,155","9,388"
79,Kyrgyzstan,,417,"4,373","4,566","4,921","5,075","5,422","5,865","6,045","2,145","2,253","2,433","2,516","2,680","2,908","2,998","2,228","2,314","2,488","2,560","2,743","2,957","3,048"
80,Tajikistan,,762,"5,284","5,765","6,216","6,854","7,642","8,549","8,921","2,619","2,876","3,114","3,450","3,851","4,297","4,481","2,665","2,888","3,103","3,404","3,790","4,251","4,441"
81,Turkmenistan,,795,"3,684","4,208","4,516","4,755","5,087","5,565","5,758","1,810","2,072","2,223","2,339","2,503","2,740","2,835","1,874","2,136","2,293","2,416","2,585","2,825","2,923"
82,Uzbekistan,,860,"20,462","22,863","24,849","26,512","28,606","30,976","31,911","10,123","11,369","12,357","13,173","14,228","15,434","15,907","10,339","11,494","12,492","13,339","14,378","15,542","16,003"
83,Eastern Asia,,906,"1,388,798","1,463,529","1,512,378","1,555,012","1,595,829","1,635,150","1,648,165","709,011","747,487","772,400","794,783","816,138","836,814","843,552","679,787","716,041","739,978","760,229","779,691","798,337","804,612"
84,China,5,156,"1,172,445","1,239,940","1,283,199","1,321,623","1,359,755","1,397,029","1,409,517","601,589","636,599","659,001","679,544","699,882","719,760","726,320","570,857","603,341","624,198","642,079","659,873","677,269","683,197"
85,"China, Hong Kong SAR",6,344,"5,781","6,140","6,664","6,828","7,025","7,246","7,365","2,935","3,077","3,274","3,276","3,296","3,349","3,387","2,847","3,063","3,389","3,552","3,729","3,897","3,978"
86,"China, Macao SAR",7,446,344,386,428,483,537,601,623,170,187,205,229,258,288,299,174,199,223,253,279,313,324
87,Dem. People's Republic of Korea,,408,"20,293","21,862","22,929","23,904","24,592","25,244","25,491","9,859","10,658","11,178","11,670","12,016","12,345","12,468","10,434","11,204","11,751","12,234","12,575","12,899","13,023"
88,Japan,,392,"124,516","126,375","127,534","128,336","128,552","127,975","127,484","61,363","62,195","62,630","62,890","62,879","62,526","62,256","63,153","64,181","64,904","65,445","65,673","65,449","65,228"
89,Mongolia,,496,"2,184","2,298","2,397","2,526","2,713","2,977","3,076","1,078","1,138","1,196","1,257","1,346","1,474","1,521","1,106","1,160","1,202","1,270","1,367","1,503","1,554"
90,Republic of Korea,,410,"42,923","45,299","47,386","48,708","49,553","50,594","50,982","21,516","22,733","23,776","24,435","24,828","25,325","25,510","21,407","22,565","23,611","24,274","24,724","25,269","25,472"
91,Southern Asia,,5501,"1,189,316","1,320,106","1,452,758","1,583,092","1,705,374","1,823,308","1,868,985","613,801","681,369","749,616","817,239","879,210","939,062","962,256","575,515","638,737","703,141","765,854","826,165","884,246","906,728"
92,Afghanistan,,4,"12,249","17,100","20,094","25,071","28,803","33,736","35,530","6,268","8,849","10,347","12,969","14,798","17,390","18,310","5,981","8,250","9,747","12,102","14,005","16,347","17,220"
93,Bangladesh,,50,"106,189","118,707","131,581","143,431","152,149","161,201","164,670","54,271","60,608","67,145","73,051","76,941","81,343","83,036","51,918","58,099","64,437","70,380","75,208","79,858","81,634"
94,Bhutan,,64,537,515,573,657,728,787,808,276,263,293,345,386,418,429,261,252,281,312,342,369,379
95,India,,356,"870,133","960,483","1,053,051","1,144,119","1,230,981","1,309,054","1,339,180","450,352","497,344","545,514","593,062","638,472","678,564","693,959","419,782","463,139","507,537","551,057","592,509","630,490","645,221"
96,Iran (Islamic Republic of),,364,"56,226","60,576","66,132","70,422","74,568","79,360","81,163","28,652","30,737","33,531","35,964","37,717","39,942","40,816","27,575","29,839","32,601","34,458","36,851","39,419","40,347"
97,Maldives,,462,223,254,280,319,365,418,436,114,129,142,168,200,237,248,109,125,138,151,165,182,188
98,Nepal,,524,"18,749","21,396","23,741","25,640","27,023","28,656","29,305","9,303","10,799","11,806","12,722","13,182","13,903","14,226","9,446","10,597","11,935","12,918","13,842","14,753","15,079"
99,Pakistan,,586,"107,679","122,829","138,523","153,910","170,560","189,381","197,016","55,814","63,475","71,471","79,332","87,687","97,286","101,199","51,864","59,354","67,052","74,578","82,873","92,094","95,817"
100,Sri Lanka,,144,"17,330","18,247","18,782","19,525","20,198","20,714","20,877","8,750","9,165","9,368","9,625","9,829","9,979","10,034","8,580","9,082","9,414","9,899","10,369","10,735","10,843"
101,South-Eastern Asia,,920,"444,097","485,371","524,657","561,770","597,328","634,610","648,780","221,575","241,904","261,257","279,943","298,520","317,026","323,966","222,522","243,467","263,400","281,828","298,808","317,584","324,814"
102,Brunei Darussalam,,96,259,297,333,365,389,418,429,136,155,169,186,201,215,221,122,142,164,179,188,202,208
103,Cambodia,,116,"8,973","10,654","12,152","13,270","14,309","15,518","16,005","4,334","5,172","5,906","6,440","6,970","7,569","7,810","4,640","5,481","6,246","6,830","7,338","7,949","8,196"
104,Indonesia,,360,"181,437","196,958","211,540","226,713","242,524","258,162","263,991","91,116","98,526","105,868","113,821","122,278","130,039","132,898","90,321","98,432","105,672","112,892","120,246","128,123","131,093"
105,Lao People's Democratic Republic,,418,"4,258","4,852","5,329","5,754","6,246","6,664","6,858","2,130","2,421","2,657","2,854","3,107","3,322","3,421","2,129","2,431","2,672","2,900","3,139","3,342","3,437"
106,Malaysia,8,458,"18,038","20,496","23,186","25,659","28,112","30,723","31,624","9,177","10,433","11,813","13,149","14,488","15,877","16,325","8,861","10,063","11,373","12,511","13,624","14,846","15,299"
107,Myanmar,,104,"40,626","43,238","46,095","48,483","50,156","52,404","53,371","19,882","21,178","22,520","23,682","24,478","25,593","26,068","20,744","22,060","23,576","24,801","25,678","26,811","27,303"
108,Philippines,,608,"61,947","69,836","77,992","86,274","93,727","101,716","104,918","31,293","35,227","39,280","43,362","47,310","51,238","52,801","30,655","34,609","38,711","42,913","46,417","50,478","52,117"
109,Singapore,,702,"3,013","3,479","3,914","4,491","5,074","5,535","5,709","1,516","1,751","1,955","2,229","2,504","2,734","2,821","1,497","1,728","1,959","2,262","2,570","2,801","2,888"
110,Thailand,,764,"56,583","59,492","62,958","65,425","67,209","68,658","69,038","28,027","29,546","31,096","32,177","32,938","33,525","33,665","28,556","29,945","31,862","33,248","34,271","35,132","35,373"
111,Timor-Leste,,626,752,871,872,"1,026","1,110","1,241","1,296",380,440,442,520,563,630,658,371,431,430,506,546,611,638
112,Viet Nam,,704,"68,210","75,199","80,286","84,309","88,473","93,572","95,541","33,584","37,054","39,551","41,522","43,683","46,285","47,278","34,626","38,145","40,734","42,787","44,789","47,287","48,262"
113,Western Asia,,922,"148,788","166,864","185,019","205,731","232,738","258,124","267,660","75,606","84,967","94,028","105,504","120,897","134,714","139,920","73,182","81,896","90,991","100,227","111,841","123,410","127,740"
114,Armenia,,51,"3,538","3,217","3,070","2,981","2,877","2,917","2,930","1,715","1,524","1,441","1,402","1,346","1,371","1,378","1,823","1,693","1,629","1,579","1,531","1,546","1,552"
115,Azerbaijan,9,31,"7,243","7,775","8,123","8,539","9,032","9,617","9,828","3,541","3,797","3,971","4,207","4,475","4,786","4,895","3,701","3,978","4,151","4,332","4,557","4,831","4,932"
116,Bahrain,,48,496,564,665,889,"1,241","1,372","1,493",286,325,381,534,774,847,936,210,239,283,355,467,525,556
117,Cyprus,10,196,767,855,943,"1,028","1,113","1,161","1,180",389,432,475,520,556,581,590,378,424,468,507,557,580,589
118,Georgia,11,268,"5,410","5,020","4,722","4,487","4,232","3,952","3,912","2,572","2,385","2,238","2,119","2,010","1,886","1,868","2,838","2,635","2,484","2,367","2,222","2,066","2,044"
119,Iraq,,368,"17,469","20,208","23,565","27,008","30,763","36,116","38,275","8,814","10,191","11,890","13,651","15,549","18,276","19,376","8,655","10,018","11,676","13,358","15,214","17,840","18,899"
120,Israel,,376,"4,500","5,334","6,014","6,603","7,426","8,065","8,322","2,246","2,634","2,964","3,257","3,668","4,000","4,133","2,254","2,699","3,050","3,346","3,758","4,065","4,188"
121,Jordan,,400,"3,561","4,573","5,103","5,714","7,182","9,159","9,702","1,865","2,392","2,645","2,948","3,663","4,641","4,913","1,695","2,181","2,458","2,766","3,519","4,518","4,789"
122,Kuwait,,414,"2,100","1,611","2,051","2,277","2,998","3,936","4,137","1,193",935,"1,199","1,344","1,734","2,261","2,375",907,675,852,932,"1,264","1,675","1,761"
123,Lebanon,,422,"2,703","3,033","3,235","3,987","4,337","5,851","6,082","1,333","1,504","1,605","2,026","2,212","2,939","3,051","1,370","1,529","1,630","1,961","2,125","2,912","3,031"
124,Oman,,512,"1,812","2,204","2,268","2,511","3,041","4,200","4,636","1,009","1,307","1,273","1,420","1,835","2,723","3,053",803,897,995,"1,091","1,207","1,477","1,584"
125,Qatar,,634,476,513,592,865,"1,780","2,482","2,639",319,338,386,584,"1,349","1,871","1,981",157,175,206,280,430,610,658
126,Saudi Arabia,,682,"16,327","18,736","20,764","23,906","27,426","31,557","32,938","9,145","10,395","11,309","13,305","15,401","17,893","18,798","7,182","8,341","9,455","10,601","12,025","13,664","14,140"
127,State of Palestine,12,275,"2,101","2,618","3,223","3,576","4,067","4,663","4,921","1,063","1,326","1,634","1,814","2,063","2,365","2,495","1,038","1,291","1,589","1,763","2,004","2,298","2,425"
128,Syrian Arab Republic,,760,"12,446","14,345","16,411","18,295","21,019","18,735","18,270","6,292","7,256","8,302","9,334","10,609","9,476","9,231","6,154","7,090","8,109","8,960","10,410","9,259","9,039"
129,Turkey,,792,"53,922","58,486","63,240","67,903","72,327","78,271","80,745","26,630","28,836","31,144","33,420","35,564","38,503","39,767","27,291","29,650","32,096","34,484","36,763","39,768","40,978"
130,United Arab Emirates,,784,"1,860","2,449","3,155","4,580","8,271","9,154","9,400","1,221","1,627","2,129","3,217","6,161","6,695","6,806",640,822,"1,026","1,362","2,109","2,460","2,594"
131,Yemen,,887,"12,057","15,321","17,875","20,583","23,607","26,916","28,250","5,972","7,763","9,041","10,400","11,928","13,601","14,271","6,085","7,558","8,834","10,183","11,678","13,316","13,979"
132,EUROPE,,908,"721,699","728,085","727,201","730,290","737,164","740,814","742,074","347,534","350,772","350,456","351,994","355,348","357,516","358,363","373,882","377,015","376,435","377,961","381,465","382,944","383,355"
133,Eastern Europe,,923,"309,902","309,557","303,958","297,511","294,541","293,244","292,454","146,894","146,811","143,845","140,227","138,454","137,963","137,617","163,008","162,746","160,112","157,284","156,086","155,281","154,837"
134,Belarus,,112,"10,217","10,142","9,934","9,622","9,473","9,486","9,468","4,791","4,755","4,663","4,491","4,403","4,413","4,406","5,425","5,387","5,271","5,130","5,070","5,073","5,062"
135,Bulgaria,,100,"8,841","8,379","7,998","7,684","7,405","7,177","7,085","4,357","4,102","3,898","3,739","3,605","3,490","3,444","4,484","4,277","4,100","3,945","3,799","3,687","3,641"
136,Czechia,,203,"10,341","10,358","10,290","10,258","10,536","10,604","10,618","5,020","5,033","5,006","4,997","5,171","5,210","5,219","5,321","5,325","5,284","5,262","5,365","5,393","5,399"
137,Hungary,,348,"10,378","10,350","10,221","10,086","9,928","9,784","9,722","4,984","4,944","4,863","4,786","4,711","4,650","4,625","5,394","5,406","5,358","5,300","5,217","5,134","5,097"
138,Poland,,616,"37,955","38,453","38,550","38,363","38,323","38,265","38,171","18,482","18,703","18,715","18,574","18,529","18,484","18,434","19,473","19,750","19,835","19,789","19,794","19,781","19,737"
139,Republic of Moldova,13,498,"4,364","4,339","4,201","4,158","4,084","4,066","4,051","2,080","2,073","2,011","1,991","1,964","1,953","1,944","2,284","2,267","2,190","2,166","2,121","2,113","2,107"
140,Romania,,642,"23,489","22,965","22,128","21,431","20,440","19,877","19,679","11,580","11,284","10,825","10,446","9,924","9,633","9,534","11,910","11,681","11,303","10,985","10,516","10,243","10,145"
141,Russian Federation,,643,"147,564","148,289","146,397","143,618","143,154","143,888","143,990","69,085","69,569","68,509","66,835","66,389","66,848","66,917","78,479","78,720","77,887","76,783","76,765","77,040","77,072"
142,Slovakia,,703,"5,288","5,375","5,399","5,399","5,404","5,439","5,448","2,581","2,616","2,622","2,617","2,621","2,644","2,648","2,707","2,760","2,778","2,781","2,783","2,796","2,799"
143,Ukraine,14,804,"51,464","50,906","48,840","46,892","45,793","44,658","44,223","23,933","23,732","22,734","21,750","21,137","20,637","20,446","27,531","27,173","26,106","25,142","24,656","24,021","23,777"
144,Northern Europe,,924,"92,142","93,281","94,544","96,377","100,314","103,097","104,200","44,779","45,335","46,033","47,098","49,183","50,714","51,317","47,247","47,830","48,391","49,154","51,002","52,251","52,749"
145,Channel Islands,15,830,141,144,149,154,160,164,165,68,70,73,76,79,81,82,72,74,76,78,81,83,83
146,Denmark,,208,"5,141","5,233","5,341","5,422","5,555","5,689","5,734","2,536","2,585","2,643","2,685","2,756","2,829","2,852","2,605","2,648","2,698","2,736","2,799","2,860","2,882"
147,Estonia,,233,"1,565","1,433","1,399","1,356","1,332","1,315","1,310",732,663,653,630,620,615,614,833,770,747,726,712,700,696
148,Faeroe Islands,,234,48,46,47,48,49,49,49,..,..,..,..,..,..,..,..,..,..,..,..,..,..
149,Finland,16,246,"4,996","5,119","5,188","5,259","5,366","5,482","5,523","2,425","2,493","2,533","2,574","2,633","2,698","2,722","2,572","2,626","2,655","2,685","2,732","2,784","2,801"
150,Iceland,,352,255,268,280,295,320,330,335,128,134,140,148,161,166,168,127,133,140,147,159,165,167
151,Ireland,,372,"3,569","3,652","3,849","4,213","4,627","4,700","4,762","1,777","1,814","1,914","2,104","2,305","2,331","2,362","1,792","1,837","1,935","2,109","2,322","2,369","2,400"
152,Isle of Man,,833,68,70,73,76,80,83,84,..,..,..,..,..,..,..,..,..,..,..,..,..,..
153,Latvia,,428,"2,664","2,508","2,384","2,252","2,119","1,993","1,950","1,241","1,156","1,096","1,032",970,915,895,"1,423","1,353","1,289","1,219","1,149","1,078","1,054"
154,Lithuania,,440,"3,696","3,627","3,502","3,344","3,124","2,932","2,890","1,749","1,709","1,639","1,554","1,438","1,350","1,332","1,947","1,918","1,863","1,791","1,686","1,582","1,559"
155,Norway,17,578,"4,247","4,367","4,499","4,632","4,886","5,200","5,305","2,100","2,160","2,229","2,298","2,442","2,618","2,677","2,147","2,207","2,270","2,334","2,443","2,582","2,629"
156,Sweden,,752,"8,567","8,836","8,882","9,039","9,390","9,764","9,911","4,232","4,366","4,392","4,482","4,677","4,880","4,960","4,335","4,470","4,489","4,557","4,713","4,884","4,951"
157,United Kingdom,,826,"57,183","57,978","58,951","60,287","63,307","65,397","66,182","27,791","28,185","28,722","29,515","31,100","32,232","32,655","29,392","29,793","30,229","30,772","32,207","33,166","33,527"
158,Southern Europe,,925,"143,765","144,632","145,657","150,393","153,943","152,441","151,989","70,285","70,566","71,117","73,565","75,257","74,361","74,157","73,372","73,945","74,415","76,686","78,537","77,934","77,687"
159,Albania,,8,"3,281","3,107","3,122","3,079","2,941","2,923","2,930","1,681","1,529","1,578","1,544","1,475","1,476","1,479","1,601","1,577","1,544","1,535","1,465","1,447","1,451"
160,Andorra,,20,55,64,65,79,84,78,77,..,..,..,..,..,..,..,..,..,..,..,..,..,..
161,Bosnia and Herzegovina,,70,"4,463","3,844","3,767","3,782","3,722","3,536","3,507","2,210","1,886","1,850","1,858","1,828","1,735","1,722","2,253","1,958","1,917","1,924","1,894","1,800","1,785"
162,Croatia,,191,"4,776","4,617","4,428","4,378","4,328","4,236","4,189","2,316","2,233","2,132","2,108","2,085","2,041","2,019","2,461","2,384","2,296","2,270","2,243","2,195","2,170"
163,Gibraltar,,292,29,30,31,32,33,34,35,..,..,..,..,..,..,..,..,..,..,..,..,..,..
164,Greece,,300,"10,249","10,789","11,142","11,301","11,446","11,218","11,160","5,082","5,362","5,539","5,596","5,642","5,523","5,493","5,167","5,427","5,603","5,705","5,804","5,694","5,667"
165,Holy See,18,336,1,1,1,1,1,1,1,..,..,..,..,..,..,..,..,..,..,..,..,..,..
166,Italy,,380,"57,127","57,255","57,294","58,808","59,730","59,504","59,360","27,785","27,804","27,798","28,612","29,017","28,962","28,929","29,343","29,451","29,496","30,196","30,713","30,543","30,431"
167,Malta,,470,364,380,397,407,416,428,431,180,189,198,203,207,215,216,184,192,199,204,209,213,214
168,Montenegro,,499,615,620,614,616,624,628,629,306,308,303,303,308,310,310,309,312,311,314,317,318,319
169,Portugal,,620,"9,953","10,150","10,355","10,566","10,652","10,418","10,330","4,795","4,893","4,997","5,110","5,100","4,936","4,888","5,158","5,257","5,358","5,456","5,552","5,482","5,441"
170,San Marino,,674,24,26,27,29,31,33,33,..,..,..,..,..,..,..,..,..,..,..,..,..,..
171,Serbia,19,688,"9,518","9,884","9,488","9,215","9,030","8,851","8,791","4,698","4,871","4,656","4,505","4,416","4,326","4,295","4,820","5,014","4,832","4,710","4,614","4,525","4,495"
172,Slovenia,,705,"2,006","1,991","1,988","1,996","2,045","2,075","2,080",974,965,971,974,"1,012","1,029","1,033","1,033","1,026","1,018","1,022","1,034","1,045","1,047"
173,Spain,20,724,"39,306","39,890","40,904","44,043","46,789","46,398","46,354","19,254","19,531","20,077","21,723","23,133","22,768","22,730","20,052","20,359","20,826","22,320","23,656","23,629","23,625"
174,TFYR Macedonia,21,807,"1,996","1,983","2,035","2,060","2,071","2,079","2,083","1,004",995,"1,019","1,030","1,034","1,040","1,041",992,988,"1,015","1,031","1,036","1,040","1,042"
175,Western Europe,,926,"175,890","180,615","183,042","186,010","188,366","192,032","193,431","85,576","88,060","89,460","91,104","92,453","94,479","95,272","90,256","92,494","93,516","94,837","95,840","97,478","98,082"
176,Austria,,40,"7,724","7,990","8,069","8,254","8,410","8,679","8,735","3,695","3,856","3,916","4,012","4,099","4,249","4,283","4,029","4,134","4,153","4,242","4,311","4,430","4,452"
177,Belgium,,56,"10,007","10,186","10,282","10,547","10,939","11,288","11,429","4,896","4,986","5,035","5,174","5,372","5,549","5,636","5,111","5,200","5,247","5,373","5,567","5,739","5,793"
178,France,,250,"56,961","58,242","59,608","61,234","63,027","64,457","64,980","27,969","28,542","29,224","30,040","30,933","31,673","31,949","28,992","29,700","30,384","31,194","32,093","32,784","33,031"
179,Germany,,276,"79,118","81,241","81,488","81,671","80,895","81,708","82,114","38,169","39,387","39,680","39,908","39,656","40,187","40,435","40,949","41,854","41,807","41,763","41,238","41,521","41,679"
180,Liechtenstein,,438,29,31,33,35,36,37,38,..,..,..,..,..,..,..,..,..,..,..,..,..,..
181,Luxembourg,,442,382,408,436,458,508,567,583,187,200,215,226,252,284,293,195,208,221,232,256,282,290
182,Monaco,,492,29,31,32,34,37,38,39,..,..,..,..,..,..,..,..,..,..,..,..,..,..
183,Netherlands,,528,"14,965","15,468","15,926","16,367","16,683","16,938","17,036","7,402","7,661","7,889","8,116","8,284","8,420","8,476","7,563","7,807","8,037","8,251","8,399","8,518","8,560"
184,Switzerland,,756,"6,675","7,019","7,167","7,410","7,832","8,320","8,476","3,258","3,428","3,502","3,627","3,856","4,117","4,199","3,417","3,591","3,666","3,783","3,976","4,203","4,277"
185,LATIN AMERICA AND THE CARIBBEAN,,904,"445,919","486,863","525,795","561,656","597,562","632,381","645,593","221,384","241,344","260,356","277,929","295,471","312,473","318,913","224,308","245,270","265,177","283,442","301,778","319,570","326,334"
186,Caribbean,,915,"34,237","36,423","38,404","40,116","41,725","43,310","43,883","16,921","17,981","18,925","19,746","20,512","21,271","21,543","17,091","18,197","19,220","20,088","20,903","21,704","21,997"
187,Anguilla,,660,8,10,11,13,14,15,15,..,..,..,..,..,..,..,..,..,..,..,..,..,..
188,Antigua and Barbuda,,28,67,74,84,89,95,100,102,32,36,39,43,45,48,49,34,38,44,46,49,52,53
189,Aruba,,533,62,80,91,100,102,104,105,31,40,44,48,48,50,50,31,41,47,52,53,55,55
190,Bahamas,,44,256,280,298,329,361,387,395,127,138,145,161,176,189,194,129,142,153,169,184,197,202
191,Barbados,,52,260,265,270,274,280,284,286,125,127,130,132,134,136,137,135,137,140,142,145,148,149
192,British Virgin Islands,,92,16,18,21,23,27,30,31,..,..,..,..,..,..,..,..,..,..,..,..,..,..
193,Caribbean Netherlands,22,535,13,15,14,14,21,25,25,..,..,..,..,..,..,..,..,..,..,..,..,..,..
194,Cayman Islands,,136,25,32,42,49,56,60,62,..,..,..,..,..,..,..,..,..,..,..,..,..,..
195,Cuba,,192,"10,582","10,906","11,151","11,284","11,333","11,461","11,485","5,332","5,490","5,594","5,661","5,678","5,735","5,745","5,251","5,416","5,556","5,624","5,655","5,726","5,740"
196,Curaçao,,531,147,144,132,129,148,158,161,70,68,62,61,68,72,74,76,76,70,69,80,86,87
197,Dominica,,212,71,71,70,71,71,73,74,..,..,..,..,..,..,..,..,..,..,..,..,..,..
198,Dominican Republic,,214,"7,184","7,892","8,563","9,238","9,898","10,528","10,767","3,614","3,964","4,291","4,620","4,941","5,246","5,361","3,569","3,929","4,271","4,618","4,957","5,282","5,406"
199,Grenada,,308,96,100,102,103,105,107,108,48,50,50,51,52,54,54,49,51,51,52,52,53,54
200,Guadeloupe,23,312,386,403,425,440,451,450,450,189,196,205,213,210,209,208,196,207,220,226,240,241,241
201,Haiti,,332,"7,100","7,820","8,549","9,263","10,000","10,711","10,981","3,500","3,858","4,221","4,577","4,943","5,297","5,430","3,600","3,962","4,328","4,686","5,056","5,414","5,551"
202,Jamaica,,388,"2,424","2,537","2,657","2,745","2,817","2,872","2,890","1,195","1,255","1,320","1,358","1,399","1,429","1,438","1,229","1,283","1,337","1,386","1,418","1,443","1,452"
203,Martinique,,474,358,369,387,397,395,386,385,173,176,182,185,182,176,175,185,193,205,212,213,210,210
204,Montserrat,,500,11,10,5,5,5,5,5,..,..,..,..,..,..,..,..,..,..,..,..,..,..
205,Puerto Rico,,630,"3,518","3,690","3,797","3,765","3,717","3,674","3,663","1,704","1,780","1,828","1,808","1,786","1,766","1,761","1,814","1,909","1,969","1,958","1,931","1,908","1,902"
206,Saint Kitts and Nevis,,659,41,43,45,49,51,54,55,..,..,..,..,..,..,..,..,..,..,..,..,..,..
207,Saint Lucia,,662,138,147,157,164,173,177,179,68,72,77,80,85,87,88,70,75,80,84,88,90,91
208,Saint Vincent and the Grenadines,,670,108,108,108,109,109,109,110,53,54,54,55,55,55,55,54,54,54,54,54,54,54
209,Sint Maarten (Dutch part),,534,29,31,32,33,33,39,40,..,..,..,..,..,..,..,..,..,..,..,..,..,..
210,Trinidad and Tobago,,780,"1,222","1,255","1,268","1,297","1,328","1,360","1,369",609,625,631,643,657,671,674,613,630,637,654,671,689,695
211,Turks and Caicos Islands,,796,12,15,19,26,31,34,35,..,..,..,..,..,..,..,..,..,..,..,..,..,..
212,United States Virgin Islands,,850,104,107,109,108,106,105,105,51,52,53,52,51,50,50,53,55,56,56,55,55,55
213,Central America,,916,"114,731","126,844","137,992","148,212","160,557","172,635","177,316","57,039","62,928","68,404","73,520","79,671","85,682","88,010","57,692","63,916","69,588","74,691","80,886","86,953","89,306"
214,Belize,,84,188,207,247,283,322,359,375,95,104,125,142,161,179,187,93,103,123,141,161,180,188
215,Costa Rica,,188,"3,096","3,511","3,925","4,248","4,545","4,808","4,906","1,560","1,766","1,970","2,130","2,277","2,406","2,454","1,536","1,745","1,955","2,118","2,268","2,402","2,452"
216,El Salvador,,222,"5,255","5,611","5,868","6,029","6,165","6,312","6,378","2,565","2,725","2,827","2,878","2,919","2,970","2,995","2,690","2,886","3,040","3,151","3,246","3,343","3,383"
217,Guatemala,,320,"9,264","10,408","11,651","13,096","14,630","16,252","16,914","4,603","5,136","5,717","6,423","7,186","7,995","8,324","4,661","5,273","5,934","6,674","7,444","8,257","8,589"
218,Honduras,,340,"4,955","5,709","6,524","7,373","8,195","8,961","9,265","2,461","2,836","3,244","3,670","4,083","4,467","4,620","2,494","2,873","3,280","3,703","4,112","4,494","4,645"
219,Mexico,,484,"85,358","94,046","101,720","108,472","117,319","125,891","129,163","42,451","46,694","50,507","53,946","58,388","62,677","64,312","42,907","47,351","51,213","54,527","58,931","63,214","64,851"
220,Nicaragua,,558,"4,145","4,612","5,027","5,379","5,738","6,082","6,218","2,055","2,285","2,487","2,655","2,827","2,998","3,065","2,089","2,328","2,540","2,724","2,911","3,084","3,152"
221,Panama,,591,"2,471","2,740","3,030","3,330","3,643","3,969","4,099","1,249","1,382","1,527","1,676","1,830","1,990","2,054","1,222","1,357","1,503","1,654","1,813","1,979","2,045"
222,South America,,931,"296,951","323,595","349,399","373,329","395,280","416,436","424,394","147,423","160,436","173,027","184,662","195,288","205,520","209,360","149,526","163,157","176,369","188,663","199,989","210,913","215,031"
223,Argentina,,32,"32,730","34,995","37,057","39,145","41,224","43,418","44,271","16,047","17,143","18,131","19,149","20,164","21,245","21,668","16,683","17,852","18,926","19,997","21,060","22,173","22,603"
224,Bolivia (Plurinational State of),,68,"6,856","7,567","8,340","9,125","9,918","10,725","11,052","3,437","3,794","4,181","4,575","4,970","5,371","5,533","3,419","3,773","4,158","4,550","4,948","5,354","5,519"
225,Brazil,,76,"149,352","162,297","175,288","186,917","196,796","205,962","209,288","74,066","80,326","86,623","92,225","96,932","101,284","102,855","75,286","81,970","88,664","94,693","99,864","104,678","106,433"
226,Chile,,152,"13,242","14,297","15,263","16,147","16,993","17,763","18,055","6,532","7,062","7,546","7,987","8,410","8,797","8,944","6,710","7,235","7,717","8,160","8,583","8,966","9,111"
227,Colombia,,170,"34,272","37,442","40,404","43,286","45,918","48,229","49,066","17,021","18,547","19,981","21,376","22,641","23,744","24,140","17,251","18,894","20,423","21,910","23,277","24,485","24,925"
228,Ecuador,,218,"10,218","11,441","12,629","13,735","14,935","16,144","16,625","5,134","5,743","6,331","6,879","7,472","8,071","8,309","5,084","5,697","6,297","6,857","7,462","8,073","8,316"
229,Falkland Islands (Malvinas),,238,2,2,3,3,3,3,3,..,..,..,..,..,..,..,..,..,..,..,..,..,..
230,French Guiana,,254,116,137,163,204,234,269,283,60,71,84,101,117,134,141,55,66,79,103,117,134,141
231,Guyana,,328,743,761,753,751,747,769,778,367,375,375,376,373,387,393,377,387,379,375,373,381,385
232,Paraguay,,600,"4,214","4,761","5,303","5,795","6,210","6,639","6,811","2,130","2,407","2,683","2,935","3,150","3,369","3,455","2,084","2,354","2,619","2,861","3,059","3,270","3,356"
233,Peru,,604,"21,827","24,039","25,915","27,610","29,374","31,377","32,165","10,906","12,013","12,951","13,796","14,676","15,673","16,065","10,921","12,026","12,964","13,814","14,698","15,704","16,100"
234,Suriname,,740,407,444,472,499,526,553,563,207,225,238,251,265,278,283,201,219,234,248,262,275,281
235,Uruguay,,858,"3,110","3,225","3,321","3,326","3,374","3,432","3,457","1,508","1,562","1,607","1,605","1,627","1,656","1,670","1,601","1,663","1,714","1,720","1,747","1,775","1,787"
236,Venezuela (Bolivarian Republic of),,862,"19,862","22,189","24,488","26,784","29,028","31,155","31,977","10,008","11,165","12,294","13,407","14,490","15,511","15,905","9,854","11,023","12,194","13,377","14,538","15,644","16,072"
237,NORTHERN AMERICA,,905,"280,345","295,114","312,845","327,546","342,937","356,004","361,208","137,466","145,029","154,109","161,638","169,400","176,101","178,765","142,757","149,960","158,610","165,779","173,410","179,778","182,318"
238,Bermuda,,60,61,63,64,65,64,62,61,..,..,..,..,..,..,..,..,..,..,..,..,..,..
239,Canada,,124,"27,693","29,330","30,736","32,288","34,169","35,950","36,624","13,732","14,520","15,225","16,006","16,952","17,832","18,172","13,960","14,810","15,511","16,282","17,216","18,117","18,452"
240,Greenland,,304,56,56,56,57,57,56,56,..,..,..,..,..,..,..,..,..,..,..,..,..,..
241,Saint Pierre and Miquelon,,666,6,6,6,6,6,6,6,..,..,..,..,..,..,..,..,..,..,..,..,..,..
242,United States of America,,840,"252,530","265,659","281,983","295,130","308,641","319,929","324,459","123,733","130,509","138,883","145,632","152,448","158,269","160,593","128,797","135,150","143,099","149,498","156,194","161,660","163,866"
243,OCEANIA,,909,"27,071","29,185","31,229","33,568","36,636","39,543","40,691","13,447","14,473","15,502","16,674","18,246","19,667","20,236","13,418","14,479","15,474","16,641","18,151","19,636","20,215"
244,Australia/New Zealand,,927,"20,440","21,752","22,925","24,374","26,490","28,414","29,156","10,170","10,806","11,406","12,127","13,207","14,131","14,495","10,269","10,946","11,519","12,248","13,283","14,283","14,662"
245,Australia,24,36,"17,041","18,077","19,066","20,239","22,120","23,800","24,451","8,498","8,995","9,512","10,101","11,061","11,862","12,181","8,544","9,082","9,554","10,138","11,059","11,938","12,270"
246,New Zealand,,554,"3,398","3,675","3,859","4,135","4,370","4,615","4,706","1,673","1,811","1,894","2,026","2,146","2,269","2,314","1,726","1,864","1,965","2,110","2,224","2,346","2,392"
247,Melanesia,,928,"5,670","6,388","7,194","8,048","8,983","9,933","10,321","2,886","3,249","3,658","4,093","4,569","5,051","5,247","2,784","3,139","3,536","3,956","4,414","4,882","5,074"
248,Fiji,,242,729,775,811,822,860,892,906,370,394,412,419,439,454,460,359,381,399,403,421,439,446
249,New Caledonia,,540,170,191,213,233,251,269,276,87,97,108,117,127,136,139,83,93,105,116,124,133,137
250,Papua New Guinea,,598,"4,313","4,894","5,572","6,315","7,108","7,920","8,251","2,193","2,486","2,831","3,210","3,615","4,029","4,197","2,120","2,408","2,741","3,105","3,493","3,891","4,054"
251,Solomon Islands,,90,312,359,413,470,528,587,611,160,185,212,240,268,299,311,152,175,201,230,260,289,301
252,Vanuatu,,548,147,168,185,209,236,265,276,75,86,95,107,120,134,140,71,82,90,103,116,131,136
253,Micronesia,,954,413,465,498,503,503,519,528,155,169,175,180,184,191,195,145,161,172,177,181,188,192
254,Guam,,316,130,146,155,158,159,162,164,70,76,79,81,81,82,83,61,70,76,78,78,80,81
255,Kiribati,,296,72,78,84,92,103,112,116,36,39,42,45,51,55,57,37,39,43,47,52,57,59
256,Marshall Islands,,584,47,51,52,52,52,53,53,..,..,..,..,..,..,..,..,..,..,..,..,..,..
257,Micronesia (Fed. States of),,583,96,108,107,106,104,104,106,49,55,54,54,53,53,54,47,53,53,52,51,51,51
258,Nauru,,520,9,10,10,10,10,11,11,..,..,..,..,..,..,..,..,..,..,..,..,..,..
259,Northern Mariana Islands,,580,43,56,69,64,54,55,55,..,..,..,..,..,..,..,..,..,..,..,..,..,..
260,Palau,,585,15,17,19,20,20,21,22,..,..,..,..,..,..,..,..,..,..,..,..,..,..
261,Polynesia,25,957,549,580,613,642,659,677,686,236,249,263,275,285,295,300,220,232,247,261,273,283,288
262,American Samoa,,16,47,53,58,59,56,56,56,..,..,..,..,..,..,..,..,..,..,..,..,..,..
263,Cook Islands,,184,18,19,18,20,19,17,17,..,..,..,..,..,..,..,..,..,..,..,..,..,..
264,French Polynesia,,258,198,215,237,255,268,278,283,103,112,122,131,137,142,144,95,103,115,124,131,136,139
265,Niue,,570,2,2,2,2,2,2,2,..,..,..,..,..,..,..,..,..,..,..,..,..,..
266,Samoa,,882,163,170,175,180,186,194,196,85,88,91,93,96,100,101,78,82,84,87,90,94,95
267,Tokelau,,772,2,2,2,1,1,1,1,..,..,..,..,..,..,..,..,..,..,..,..,..,..
268,Tonga,,776,95,96,98,101,104,106,108,48,49,50,51,52,53,54,47,47,48,50,52,53,54
269,Tuvalu,,798,9,9,9,10,11,11,11,..,..,..,..,..,..,..,..,..,..,..,..,..,..
270,Wallis and Futuna Islands,,876,14,14,15,15,13,12,12,..,..,..,..,..,..,..,..,..,..,..,..,..,..
