,country,1990total,1995total,2000total,2005total,2010total,2015total,2017total,1990male,1995male,2000male,2005male,2010male,2015male,2017male,1990female,1995female,2000female,2005female,2010female,2015female,2017female
13,Burundi,333110,254853,125628,172874,235259,289810,299569,163267,124165,61094,84805,115823,142790,147599,169843,130688,64534,88069,119436,147020,151970
14,Comoros,14079,13939,13799,13209,12618,12555,12555,6717,6614,6511,6286,6060,6071,6071,7362,7325,7288,6923,6558,6484,6484
15,Djibouti,122221,99774,100507,92091,101575,112351,116089,64242,52476,52920,51315,53295,59081,61025,57979,47298,47587,40776,48280,53270,55064
16,Eritrea,11848,12400,12952,14314,15676,15941,16041,6228,6542,6856,7729,8603,8833,8889,5620,5858,6096,6585,7073,7108,7152
17,Ethiopia,1155390,806904,611384,514242,567720,1162576,1227143,607284,424117,322219,269725,297534,591876,624222,548106,382787,289165,244517,270186,570700,602921
18,Kenya,297292,618745,699139,756894,926959,1084357,1078572,160852,322189,348594,391310,459343,541644,538724,136440,296556,350545,365584,467616,542713,539848
19,Madagascar,23917,21177,23541,26058,28905,32075,33844,13348,11901,13276,14744,16410,18270,19278,10569,9276,10265,11314,12495,13805,14566
20,Malawi,1127724,241624,232620,221661,217722,232803,237104,546520,116198,111530,105931,103869,110893,112936,581204,125426,121090,115730,113853,121910,124168
21,Mauritius,3613,7493,15543,19647,24836,28585,28713,1763,3228,5705,8943,13188,15832,15903,1850,4265,9838,10704,11648,12753,12810
22,Mayotte,15229,26316,45474,63176,72757,73992,74399,8780,14679,23546,31364,34500,34235,34424,6449,11637,21928,31812,38257,39757,39975
23,Mozambique,122332,168256,195702,204830,214612,238930,246954,66060,91210,103175,102500,104676,116916,120843,56272,77046,92527,102330,109936,122014,126111
24,Réunion,57210,77159,100678,115076,123029,127209,129153,30724,40710,52264,59196,62707,64537,65524,26486,36449,48414,55880,60322,62672,63629
25,Rwanda,159869,233200,347076,432797,436787,441525,443088,80690,117931,175685,217027,218425,220017,220796,79179,115269,171391,215770,218362,221508,222292
26,Seychelles,3721,5148,6574,8997,11420,12791,12926,2204,3021,3837,5820,7804,8954,9049,1517,2127,2737,3177,3616,3837,3877
27,Somalia,478294,19527,20087,20670,23995,41578,44868,244201,10282,10622,11047,12914,21904,23549,234093,9245,9465,9623,11081,19674,21319
28,South Sudan,..,..,..,..,257905,844122,845239,..,..,..,..,132693,430949,431520,..,..,..,..,125212,413173,413719
29,Uganda,558307,634620,634703,652968,529160,1197162,1692120,290084,321360,314325,322421,261646,565433,793851,268223,313260,320378,330547,267514,631729,898269
30,United Republic of Tanzania,574025,1106043,928180,770846,308600,413309,492574,283390,547089,470962,486774,153984,206327,245897,290635,558954,457218,284072,154616,206982,246677
31,Zambia,279029,244338,321167,252749,149637,155428,156982,142807,125329,163620,128553,75775,78545,79331,136222,119009,157547,124196,73862,76883,77651
32,Zimbabwe,626821,431226,410041,392693,397891,403866,403866,352028,246012,233843,223970,226967,227379,229881,274793,185214,176198,168723,170924,176487,173985
33,Middle Africa,1460530,2646108,1756687,1928828,2139979,3436978,3539697,744494,1346091,904076,983868,1091761,1769454,1825321,716036,1300017,852611,944960,1048218,1667524,1714376
34,Angola,33517,39813,46108,61329,76549,632178,638499,18142,20755,23367,30240,37113,304635,307681,15375,19058,22741,31089,39436,327543,330818
35,Cameroon,265344,246864,228383,258737,289091,508357,540266,145527,135079,124630,142397,160164,251316,266653,119817,111785,103753,116340,128927,257041,273613
36,Central African Republic,67234,99712,123529,94449,93466,81598,88774,35686,52975,65636,50236,49743,43163,47030,31548,46737,57893,44213,43723,38435,41744
37,Chad,74342,89584,104825,352062,416924,516968,489690,40133,48298,56463,159715,186773,238140,225575,34209,41286,48362,192347,230151,278828,264115
38,Congo,129597,191635,305002,315238,419649,392996,398890,64418,95822,152666,171420,228180,215274,218503,65179,95813,152336,143818,191469,177722,180387
39,Democratic Republic of the Congo,754194,1816963,744387,622869,588950,824492,879223,363117,901379,365092,302290,284244,401058,427877,391077,915584,379295,320579,304706,423434,451346
40,Equatorial Guinea,2740,3629,4517,6588,8658,209611,221865,1465,1930,2394,3564,4734,161527,170970,1275,1699,2123,3024,3924,48084,50895
41,Gabon,127980,152972,195571,214123,243992,268384,280197,73053,87305,111616,122279,139458,153144,159885,54927,65667,83955,91844,104534,115240,120312
42,Sao Tome and Principe,5582,4936,4365,3433,2700,2394,2293,2953,2548,2212,1727,1352,1197,1147,2629,2388,2153,1706,1348,1197,1146
43,Northern Africa,2403200,2081640,1885650,1731939,1893613,2354732,2410056,1230643,1105808,1048954,1035822,1125903,1385824,1399818,1172557,975832,836696,696117,767710,968908,1010238
44,Algeria,273954,262032,250110,197422,216964,239473,248624,150234,143696,137158,108266,114727,126522,131192,123720,118336,112952,89156,102237,112951,117432
45,Egypt,173708,166955,173452,274001,295714,565931,478310,91928,88545,92205,158277,166071,317824,257661,81780,78410,81247,115724,129643,248107,220649
46,Libya,457075,508041,567436,625212,683998,771146,788419,242707,300906,368950,445597,489737,549153,561454,214368,207135,198486,179615,194261,221993,226965
47,Morocco,54895,50360,53034,54379,70909,92424,95835,29024,26264,27233,27543,35738,46387,48099,25871,24096,25801,26836,35171,46037,47736
48,Sudan,1402896,1053396,801883,541994,578363,623878,735821,696385,525701,403048,275915,294782,313528,368382,706511,527695,398835,266079,283581,310350,367439
49,Tunisia,37984,37867,36446,35040,43172,56701,57663,18900,19045,18523,18000,22236,29351,29849,19084,18822,17923,17040,20936,27350,27814
50,Western Sahara,2688,2989,3289,3891,4493,5179,5384,1465,1651,1837,2224,2612,3059,3181,1223,1338,1452,1667,1881,2120,2203
51,Southern Africa,1392359,1191582,1222314,1439426,2357093,4112793,4338205,840899,714194,721814,837071,1357200,2282281,2407541,551460,477388,500500,602355,999893,1830512,1930664
52,Botswana,27510,40168,57064,88829,120912,160644,166430,16614,23517,32891,49695,66692,87873,91038,10896,16651,24173,39134,54220,72771,75392
53,Lesotho,8240,7204,6167,6290,6414,6572,6749,4318,3827,3335,3402,3469,3558,3654,3922,3377,2832,2888,2945,3014,3095
54,Namibia,120641,115372,134403,106274,102405,96888,95067,63748,61310,72509,57034,55054,52187,51207,56893,54062,61894,49240,47351,44701,43860
55,South Africa,1163883,1003807,1001825,1210936,2096886,3816696,4036696,717227,611083,600032,712219,1216129,2122100,2244421,446656,392724,401793,498717,880757,1694596,1792275
56,Swaziland,72085,25031,22855,27097,30476,31993,33263,38992,14457,13047,14721,15856,16563,17221,33093,10574,9808,12376,14620,15430,16042
57,Western Africa,4470503,5410742,5090860,5616321,5959501,6610620,6770466,2392339,2865785,2700930,3024367,3210115,3528037,3610342,2078164,2544957,2389930,2591954,2749386,3082583,3160124
58,Benin,76212,104971,133730,171499,209267,245399,253284,40092,55858,71624,93882,116139,137662,142168,36120,49113,62106,77617,93128,107737,111116
59,Burkina Faso,349657,434848,520039,596972,673904,704676,708921,167836,209117,250399,285542,320684,335328,337349,181821,225731,269640,311430,353220,369348,371572
60,Cabo Verde,8931,9979,11027,12700,14373,14924,15295,4429,5091,5753,6523,7293,7547,7735,4502,4888,5274,6177,7080,7377,7560
61,Côte d'Ivoire,1816426,2076394,1994135,2010824,2095185,2175399,2197152,1011749,1150710,1104600,1113590,1160366,1204616,1216662,804677,925684,889535,897234,934819,970783,980490
62,Gambia,118123,150890,182514,181905,185763,192540,205063,66306,82048,97138,96230,98086,101501,108103,51817,68842,85376,85675,87677,91039,96960
63,Ghana,164851,252879,191601,304436,337017,399471,417642,83030,127423,97279,159363,171558,203351,212601,81821,125456,94322,145073,165459,196120,205041
64,Guinea,403621,774505,560075,229611,177998,126386,122796,201260,386537,279108,111738,92899,74060,72301,202361,387968,280967,117873,85099,52326,50495
65,Guinea-Bissau,15368,27961,20450,20736,21061,22333,23405,7689,13833,10155,10298,10307,10826,11346,7679,14128,10295,10438,10754,11507,12059
66,Liberia,94964,208563,151868,87188,99129,113779,98630,53924,111647,82129,51183,56885,64879,56241,41040,96916,69739,36005,42244,48900,42389
67,Mali,160736,176187,189475,256797,336607,365145,383721,82049,90871,97752,132244,172879,187111,196630,78687,85316,91723,124553,163728,178034,187091
68,Mauritania,111650,89562,57366,58119,84679,166552,168438,57569,47015,31163,32588,48605,94070,95136,54081,42547,26203,25531,36074,72482,73302
69,Niger,115464,145999,122260,124461,126464,252998,295610,55222,69751,58192,59170,60033,119915,140113,60242,76248,64068,65291,66431,133083,155497
70,Nigeria,456621,462999,487882,969294,988679,1199115,1235088,256166,258091,270211,564384,575671,657887,677624,200455,204908,217671,404910,413008,541228,557464
71,Saint Helena,383,394,405,487,569,604,606,222,218,215,263,312,335,337,161,176,190,224,257,269,269
72,Senegal,270410,287654,231901,238298,256092,263242,265601,138840,147165,121492,124854,135879,139689,140941,131570,140489,110409,113444,120213,123553,124660
73,Sierra Leone,222242,105374,98241,149615,97452,91213,95248,123053,59683,54639,79638,53239,49962,52173,99189,45691,43602,69977,44213,41251,43075
74,Togo,84844,101583,137891,203379,255262,276844,283966,42903,50727,69081,102877,129280,139298,142882,41941,50856,68810,100502,125982,137546,141084
75,ASIA,48108431,46422010,49198332,53243730,65921788,76558152,79586709,25713711,24841806,26468747,29144293,37766937,43871656,45851677,22394720,21580204,22729585,24099437,28154851,32686496,33735032
76,Central Asia,6630683,5890035,5183872,5238699,5262414,5393504,5462972,2972500,2635584,2315883,2408209,2488477,2596652,2631967,3658183,3254451,2867989,2830490,2773937,2796852,2831005
77,Kazakhstan,3619200,3245250,2871300,3102962,3334623,3546778,3635168,1666164,1494009,1321855,1473441,1625026,1758182,1801999,1953036,1751241,1549445,1629521,1709597,1788596,1833169
78,Kyrgyzstan,623083,510296,389558,312897,231511,204382,200294,260416,213277,162815,129544,94348,82616,80964,362667,297019,226743,183353,137163,121766,119330
79,Tajikistan,428900,348347,299266,280444,278152,275059,273259,188128,151957,131420,121381,120124,118597,117821,240772,196390,167846,159063,158028,156462,155438
80,Turkmenistan,306500,273565,218498,213051,197979,196386,195061,134174,118851,94168,94406,90600,91523,90906,172326,154714,124330,118645,107379,104863,104155
81,Uzbekistan,1653000,1512577,1405250,1329345,1220149,1170899,1159190,723618,657490,605625,589437,558379,545734,540277,929382,855087,799625,739908,661770,625165,618913
82,Eastern Asia,3959345,4658475,5393081,6229524,7061814,7600768,7776716,2005886,2266526,2551555,2931331,3318241,3558107,3639527,1953459,2391949,2841526,3298193,3743573,4042661,4137189
83,China,376361,442198,508034,678947,849861,978046,999527,191954,223018,254082,379920,505758,600136,613317,184407,219180,253952,299027,344103,377910,386210
84,"China, Hong Kong SAR",2218473,2443798,2669122,2721235,2779950,2838665,2883051,1124544,1175087,1225629,1185121,1147539,1119957,1137469,1093929,1268711,1443493,1536114,1632411,1718708,1745582
85,"China, Macao SAR",205047,224929,240791,279308,318506,342703,353654,96379,103660,109391,130387,146407,155692,160668,108668,121269,131400,148921,172099,187011,192986
86,Dem. People's Republic of Korea,34103,35143,36183,40097,44010,48458,48939,17393,17562,17731,19749,21766,24110,24350,16710,17581,18452,20348,22244,24348,24589
87,Japan,1075626,1381097,1686567,2012916,2134151,2232189,2321476,547986,672482,796977,924544,959860,1003955,1044113,527640,708615,889590,1088372,1174291,1228234,1277363
88,Mongolia,6718,7424,8206,11475,16061,17620,18204,3419,3959,4564,7576,11880,12857,13284,3299,3465,3642,3899,4181,4763,4920
89,Republic of Korea,43017,123886,244178,485546,919275,1143087,1151865,24211,70758,143181,284034,525031,641400,646326,18806,53128,100997,201512,394244,501687,505539
90,Southern Asia,19436343,15343019,15278020,13722011,14307646,14173830,13582402,10317706,8081091,8095576,7151370,7493456,7259386,6966127,9118637,7261928,7182444,6570641,6814190,6914444,6616275
91,Afghanistan,57686,71522,75917,87300,102246,489749,133612,32558,39105,42848,49274,57709,248212,66738,25128,32417,33069,38026,44537,241537,66874
92,Bangladesh,881617,934735,987853,1166700,1345546,1422805,1500921,476097,503989,531907,621228,710548,752035,791164,405520,430746,455946,545472,634998,670770,709757
93,Bhutan,23807,27972,32137,40279,48420,51106,52296,19409,22804,26200,32742,39283,41441,42406,4398,5168,5937,7537,9137,9665,9890
94,India,7493204,6952238,6411272,5923642,5436012,5240960,5188550,3914396,3608978,3303560,3045693,2787826,2684680,2657833,3578808,3343260,3107712,2877949,2648186,2556280,2530717
95,Iran (Islamic Republic of),4291601,2937668,2803805,2568930,2761561,2726420,2699155,2456700,1705972,1662264,1410319,1571723,1445236,1430784,1834901,1231696,1141541,1158611,1189838,1281184,1268371
96,Maldives,8689,18510,27092,45045,54659,64273,67026,4777,9243,14907,27079,41712,56345,58759,3912,9267,12185,17966,12947,7928,8267
97,Nepal,429974,690225,717900,679457,578657,509855,502670,125966,217088,241959,235203,189518,156556,153928,304008,473137,475941,444254,389139,353299,348742
98,Pakistan,6208204,3669308,4181912,3171132,3941586,3628956,3398154,3264380,1951223,2249960,1708514,2074443,1854136,1743606,2943824,1718085,1931952,1462618,1867143,1774820,1654548
99,Sri Lanka,41561,40841,40132,39526,38959,39706,40018,23423,22689,21971,21318,20694,20745,20909,18138,18152,18161,18208,18265,18961,19109
100,South-Eastern Asia,2876616,3700057,4926833,6522343,8673693,9609923,9873600,1511104,1916620,2504609,3343951,4502523,4991961,5126218,1365512,1783437,2422224,3178392,4171170,4617962,4747382
101,Brunei Darussalam,73200,84748,96296,98441,100587,102733,108612,41856,47832,53807,55265,56723,58181,61511,31344,36916,42489,43176,43864,44552,47101
102,Cambodia,38375,92230,146085,114031,81977,73963,76329,19084,45361,71638,57511,43385,39854,41129,19291,46869,74447,56520,38592,34109,35200
103,Indonesia,465612,378960,292307,289568,305416,338124,345930,229885,191600,153315,165493,174864,196717,201259,235727,187360,138992,124075,130552,141407,144671
104,Lao People's Democratic Republic,22866,23526,21948,20371,32473,44575,45466,11806,12199,11564,10930,17424,23917,24396,11060,11327,10384,9441,15049,20658,21070
105,Malaysia,695920,937368,1277223,1722344,2406011,2650617,2703629,405808,534964,712912,995607,1437206,1601033,1633054,290112,402404,564311,726737,968805,1049584,1070575
106,Myanmar,133545,113663,98011,83025,76414,73308,74660,72310,61489,52150,44506,41574,40177,40918,61235,52174,45861,38519,34840,33131,33742
107,Philippines,154071,207345,318095,257468,208599,211862,218530,81347,107524,161904,133023,107933,109783,113239,72724,99821,156191,124445,100666,102079,105291
108,Singapore,727262,991492,1351691,1710594,2164794,2543638,2623404,345842,456411,601671,758762,956856,1122986,1158202,381420,535081,750020,951832,1207938,1420652,1465202
109,Thailand,528693,809720,1257821,2163447,3224131,3486526,3588873,283486,426290,647728,1086166,1624755,1751187,1802323,245207,383430,610093,1077281,1599376,1735339,1786550
110,Timor-Leste,8954,9743,10602,11286,11535,11784,12063,4450,4763,5095,5582,5832,5958,6100,4504,4980,5507,5704,5703,5826,5963
111,Viet Nam,28118,51262,56754,51768,61756,72793,76104,15230,28187,32825,31106,35971,42168,44087,12888,23075,23929,20662,25785,30625,32017
112,Western Asia,15205444,16830424,18416526,21531153,30616221,39780127,42891019,8906515,9941985,11001124,13309432,19964240,25465550,27487838,6298929,6888439,7415402,8221721,10651981,14314577,15403181
113,Armenia,658789,693999,657900,469119,221560,191199,190719,270535,284995,270170,191401,90345,77436,77221,388254,409004,387730,277718,131215,113763,113498
114,Azerbaijan,360600,344070,327540,302220,276901,264241,259241,157856,149509,141161,135336,129512,126600,124205,202744,194561,186379,166884,147389,137641,135036
115,Bahrain,173212,205979,239361,404018,657856,704137,722649,122730,144227,165344,288614,475905,508966,522347,50482,61752,74017,115404,181951,195171,200302
116,Cyprus,43805,61941,80076,117165,188472,192020,188973,20463,27604,34745,50421,82477,84153,82769,23342,34337,45331,66744,105995,107867,106204
117,Georgia,304470,152235,76117,72311,73034,76685,78218,133285,66643,33321,31655,31972,33570,34241,171185,85592,42796,40656,41062,43115,43977
118,Iraq,83638,199460,210525,132915,117389,359381,366568,55751,114821,120464,80883,72965,209233,213418,27887,84639,90061,52032,44424,150148,153150
119,Israel,1632704,1792185,1851309,1889503,1950615,2011727,1962123,770777,830330,853712,867805,890352,912899,890390,861927,961855,997597,1021698,1060263,1098828,1071733
120,Jordan,1146349,1537097,1927845,2325414,2722983,3112026,3233553,586473,784725,982977,1183645,1384313,1567177,1628377,559876,752372,944868,1141769,1338670,1544849,1605176
121,Kuwait,1074391,921954,1127640,1333327,1871537,2866136,3123431,654878,591452,761512,918580,1309814,1888220,2123292,419513,330502,366128,414747,561723,977916,1000139
122,Lebanon,523693,608303,692913,756784,820655,1973204,1939212,267922,310613,353305,390331,427358,948425,932449,255771,297690,339608,366453,393297,1024779,1006763
123,Oman,304000,539643,623608,666160,816221,1814591,2073292,242477,417444,488389,527842,658746,1500622,1741326,61523,122199,135219,138318,157475,313969,331966
124,Qatar,309753,361673,359697,646026,1456413,1687640,1721392,225932,269972,274242,498428,1206571,1416361,1444688,83821,91701,85455,147598,249842,271279,276704
125,Saudi Arabia,4998445,5122702,5263387,6501819,8429956,10771366,12185284,3324873,3416485,3517768,4469805,5933281,7461502,8341564,1673572,1706217,1745619,2032014,2496675,3309864,3843720
126,State of Palestine,288332,281767,275202,266617,258032,255507,253735,132101,128328,124555,119621,114688,113237,112452,156231,153439,150647,146996,143344,142270,141283
127,Syrian Arab Republic,714140,830610,832273,876410,1785115,993940,1013818,364077,423115,426633,449470,911756,507660,517813,350063,407495,405640,426940,873359,486280,496005
128,Turkey,1163686,1216173,1280963,1319236,1367034,4131302,4881966,577329,593938,616007,618938,625960,1939780,2292242,586357,622235,664956,700298,741074,2191522,2589724
129,United Arab Emirates,1306574,1824118,2446675,3281036,7316611,7995126,8312524,932046,1309952,1757144,2388278,5463515,5970310,6207324,374528,514166,689531,892758,1853096,2024816,2105200
130,Yemen,118863,136515,143495,171073,285837,379899,384321,67010,77832,79675,98379,154710,199399,201720,51853,58683,63820,72694,131127,180500,182601
131,EUROPE,49232191,52867154,56314416,63201280,70747947,74501508,77895217,23953674,25648756,27258176,30591239,34088276,35679134,37384648,25278517,27218398,29056240,32610041,36659671,38822374,40510569
132,Eastern Europe,21995312,21344124,20428480,19747392,19127781,19880519,20121711,10201263,10022332,9700625,9362793,9038075,9402336,9530943,11794049,11321792,10727855,10384599,10089706,10478183,10590768
133,Belarus,1248977,1186282,1123586,1106982,1090378,1082905,1078652,572021,543307,514593,506988,499384,495961,494014,676956,642975,608993,599994,590994,586944,584638
134,Bulgaria,21510,32435,43360,61074,76287,133803,153803,9047,13642,18238,26594,33841,59356,68229,12463,18793,25122,34480,42446,74447,85574
135,Czechia,110394,165592,220789,322540,398493,416454,433290,57405,88316,119227,181719,236160,239228,248560,52989,77276,101562,140821,162333,177226,184730
136,Hungary,347510,322234,296957,366787,436616,475508,503787,156185,147202,138219,174216,210212,235719,251937,191325,175032,158738,192571,226404,239789,251850
137,Poland,1127771,964725,825251,722509,642417,611855,640937,482176,404049,338323,297039,262263,256623,274254,645595,560676,486928,425470,380154,355232,366683
138,Republic of Moldova,544162,367231,247828,173957,157668,142904,140045,239616,161706,109129,76600,60541,50545,49534,304546,205525,138699,97357,97127,92359,90511
139,Romania,135825,135037,126949,145162,166126,281048,370753,57601,63282,60428,66264,81861,146758,196804,78224,71755,66521,78898,84265,134290,173949
140,Russian Federation,11524948,11928927,11900297,11667588,11194710,11643276,11651509,5655422,5925452,5982851,5806597,5514401,5715211,5719253,5869526,6003475,5917446,5860991,5680309,5928065,5932256
141,Slovakia,41295,69323,116376,130491,146319,177624,184642,18187,30531,51253,58716,66938,89011,93294,23108,38792,65123,71775,79381,88613,91348
142,Ukraine,6892920,6172338,5527087,5050302,4818767,4915142,4964293,2953603,2644845,2368364,2168060,2072474,2113924,2135064,3939317,3527493,3158723,2882242,2746293,2801218,2829229
143,Northern Europe,6645605,7194824,7900973,9588814,11810676,13188813,13946390,3176421,3404174,3711179,4564413,5676328,6335675,6698633,3469184,3790650,4189794,5024401,6134348,6853138,7247757
144,Channel Islands,61660,60519,64301,70941,77581,82307,83082,29005,28468,30234,33611,36982,39338,39709,32655,32051,34067,37330,40599,42969,43373
145,Denmark,235189,303108,371026,440383,509740,595876,656789,114411,147194,179977,213097,246217,291431,324239,120778,155914,191049,227286,263523,304445,332550
146,Estonia,381997,315755,249512,233701,217890,194664,192962,171691,136268,100844,94244,87644,80024,80654,210306,179487,148668,139457,130246,114640,112308
147,Faeroe Islands,4285,2900,3593,4583,5096,5517,5735,2440,1575,1921,2450,2700,2795,2940,1845,1325,1672,2133,2396,2722,2795
148,Finland,63255,99729,136203,192169,248135,314856,343582,31682,49575,67469,96429,125389,159315,174807,31573,50154,68734,95740,122746,155541,168775
149,Iceland,9584,12738,15892,25492,35091,39072,41853,4248,5727,7207,12413,17619,19070,20725,5336,7011,8685,13079,17472,20002,21128
150,Ireland,227961,226892,350552,589046,730542,749943,806549,112093,108084,172959,309910,360440,359898,394255,115868,118808,177593,279136,370102,390045,412294
151,Isle of Man,34769,36886,39002,41475,43447,45221,45872,16371,17548,18725,20214,21361,22393,22716,18398,19338,20277,21261,22086,22828,23156
152,Latvia,646007,538093,430178,376725,313786,265418,256889,290800,234216,177632,154745,124675,104011,101028,355207,303877,252546,221980,189111,161407,155861
153,Lithuania,349258,273587,214311,201209,160772,136021,124706,164585,128641,100546,94189,69606,57508,51850,184673,144946,113765,107020,91166,78513,72856
154,Norway,192587,233302,292440,361144,526799,746375,798944,99562,117222,144826,176444,268505,389370,417087,93025,116080,147614,184700,258294,357005,381857
155,Sweden,788767,936022,1003798,1125790,1337214,1602522,1747710,383085,450945,480211,538490,648004,786870,863205,405682,485077,523587,587300,689210,815652,884505
156,United Kingdom,3650286,4155293,4730165,5926156,7604583,8411021,8841717,1756448,1978711,2228628,2818177,3667186,4023652,4205418,1893838,2176582,2501537,3107979,3937397,4387369,4636299
157,Southern Europe,4340454,5985675,7517054,11974334,16205444,15830496,15957631,2062811,2856852,3610908,5832012,7872494,7434286,7482242,2277643,3128823,3906146,6142322,8332950,8396210,8475389
158,Albania,66013,71354,76695,64739,52784,52031,52484,30579,33284,35990,32993,26901,26517,26721,35434,38070,40705,31746,25883,25514,25763
159,Andorra,38904,40525,42146,50298,52053,42082,41039,20810,21451,22092,26559,27486,22221,21560,18094,19074,20054,23739,24567,19861,19479
160,Bosnia and Herzegovina,56000,69476,82952,47272,38792,38574,37100,26538,33115,39691,22473,18504,18400,17697,29462,36361,43261,24799,20288,20174,19403
161,Croatia,475438,674085,585298,579273,573248,575738,560483,222531,315733,274823,271645,268466,267272,259274,252907,358352,310475,307628,304782,308466,301209
162,Gibraltar,8709,8381,8054,9211,10369,11065,11152,4528,4196,3865,4518,5171,5591,5635,4181,4185,4189,4693,5198,5474,5517
163,Greece,618139,857850,1111665,1190707,1321149,1242924,1220395,330038,445004,559794,587677,640731,570528,555797,288101,412846,551871,603030,680418,672396,664598
164,Holy See,768,780,785,798,794,803,792,376,378,379,378,377,374,373,392,402,406,420,417,429,419
165,Italy,1428221,1774953,2121690,3954785,5787898,5805325,5907461,642414,809553,976691,1820290,2663889,2637798,2691899,785807,965400,1144999,2134495,3124009,3167527,3215562
166,Malta,15077,17740,21521,24560,33008,42430,45539,7012,8366,10289,11899,17118,22648,24308,8065,9374,11232,12661,15890,19782,21231
167,Montenegro,..,..,..,..,78507,82541,70984,..,..,..,..,31636,33547,27813,..,..,..,..,46871,48994,43171
168,Portugal,435782,532822,651472,771184,762825,864814,880188,209922,259337,320319,376774,371536,398390,410655,225860,273485,331153,394410,391289,466424,469533
169,San Marino,3310,3659,4045,4218,4399,5174,5243,1728,1940,2175,2302,2435,2864,2903,1582,1719,1870,1916,1964,2310,2340
170,Serbia,99269,630221,856763,845120,826066,807441,801903,46712,289545,383893,373473,364654,355180,352744,52557,340676,472870,471647,461412,452261,449159
171,Slovenia,178077,174419,171018,197276,253786,237616,244790,89514,90255,90464,107131,141285,134460,138120,88563,84164,80554,90145,112501,103156,106670
172,Spain,821605,1020067,1657285,4107226,6280065,5891208,5947106,390448,499114,838058,2140680,3238238,2884000,2892146,431157,520953,819227,1966546,3041827,3007208,3054960
173,TFYR Macedonia,95142,109343,125665,127667,129701,130730,130972,39661,45581,52385,53220,54067,54496,54597,55481,63762,73280,74447,75634,76234,76375
174,Western Europe,16250820,18342531,20467909,21890740,23604046,25601680,27869485,8513179,9365398,10235464,10832021,11501379,12506837,13672830,7737641,8977133,10232445,11058719,12102667,13094843,14196655
175,Austria,793239,894893,996547,1136270,1275992,1492374,1660283,368287,423302,478318,543618,608918,716470,797082,424952,471591,518229,592652,667074,775904,863201
176,Belgium,904528,909769,895900,882031,1119256,1252380,1268411,487446,481022,465810,450828,568348,635948,644089,417082,428747,430090,431203,550908,616432,624322
177,France,5897267,6087993,6278718,6737600,7196481,7918382,7902783,2999376,3046083,3092789,3300859,3508928,3826543,3808841,2897891,3041910,3185929,3436741,3687553,4091839,4093942
178,Germany,5936181,7464406,8992631,9402447,9812263,10220418,12165083,3293128,3898397,4503666,4676178,4848689,5037961,6055267,2643053,3566009,4488965,4726269,4963574,5182457,6109816
179,Liechtenstein,10906,13311,15483,18898,22342,23799,24683,5956,7068,7980,9434,10867,11605,12013,4950,6243,7503,9464,11475,12194,12670
180,Luxembourg,113795,126106,139750,150618,248888,260573,264073,56062,62292,69286,74951,126129,132428,134207,57733,63814,70464,75667,122759,128145,129866
181,Monaco,20359,21060,21787,21312,21132,21042,21255,9471,9955,10458,10322,10325,10326,10431,10888,11105,11329,10990,10807,10716,10824
182,Netherlands,1182263,1346164,1556337,1736127,1832510,1996318,2056520,592343,668236,765302,843444,881264,952313,983586,589920,677928,791035,892683,951246,1044005,1072934
183,Switzerland,1392282,1478829,1570756,1805437,2075182,2416394,2506394,701110,769043,841855,922387,937911,1183243,1227314,691172,709786,728901,883050,1137271,1233151,1279080
184,LATIN AMERICA AND THE CARIBBEAN,7169728,6694640,6579328,7237476,8246652,9272027,9508189,3597037,3349769,3284119,3596993,4094772,4602014,4718981,3572691,3344871,3295209,3640483,4151880,4670013,4789208
185,Caribbean,1056555,1154700,1256547,1333118,1353589,1385784,1399747,549666,596692,645548,682951,692766,710393,718548,506889,558008,610999,650167,660823,675391,681199
186,Anguilla,2570,3317,4063,4684,5103,5470,5579,1258,1584,1910,2210,2415,2593,2646,1312,1733,2153,2474,2688,2877,2933
187,Antigua and Barbuda,12029,17550,23071,24741,26412,28083,28646,5775,8046,10316,11052,11788,12524,12783,6254,9504,12755,13689,14624,15559,15863
188,Aruba,14444,22274,30104,32540,34327,36114,36356,6429,9974,13519,14559,15311,16108,16193,8015,12300,16585,17981,19016,20006,20163
189,Bahamas,26855,31654,36454,45595,54736,59306,61806,13827,16620,19414,23646,27878,29994,31259,13028,15034,17040,21949,26858,29312,30547
190,Barbados,24024,26224,28424,30624,32825,34475,34660,10065,11235,12405,13575,14746,15488,15572,13959,14989,16019,17049,18079,18987,19088
191,British Virgin Islands,8035,10046,12958,15016,17074,19132,19959,4126,5034,6386,7401,8415,9430,9838,3909,5012,6572,7615,8659,9702,10121
192,Caribbean Netherlands,38410,42258,46105,49105,11445,13002,13508,17257,18830,20402,21730,5530,6292,6537,21153,23428,25703,27375,5915,6710,6971
193,Cayman Islands,9387,14320,19253,21655,24057,23726,24355,4622,7166,9709,11011,12312,12143,12465,4765,7154,9544,10644,11745,11583,11890
194,Cuba,34555,26187,17818,17023,14818,13336,13136,17278,12559,7840,7540,6611,5950,5861,17277,13628,9978,9483,8207,7386,7275
195,Curaçao,0,0,0,0,34627,37611,38396,0,0,0,0,14195,15467,15790,0,0,0,0,20432,22144,22606
196,Dominica,2519,3121,3723,4744,5765,6720,6782,1309,1623,1955,2491,3027,3528,3561,1210,1498,1768,2253,2738,3192,3221
197,Dominican Republic,291151,323381,355611,376001,393720,415564,424964,181677,198842,216008,228180,238742,251890,257588,109474,124539,139603,147821,154978,163674,167376
198,Grenada,4263,5544,6825,6902,6980,7057,7124,2106,2746,3386,3424,3463,3502,3536,2157,2798,3439,3478,3517,3555,3588
199,Guadeloupe,65944,74566,83188,89065,94942,98507,99350,32718,36248,39778,41273,42768,43858,44234,33226,38318,43410,47792,52174,54649,55116
200,Haiti,19084,22458,25832,30468,35104,39529,40533,10606,12635,14664,17413,20162,22774,23353,8478,9823,11168,13055,14942,16755,17180
201,Jamaica,20475,22713,24952,24314,23677,23167,23332,9981,11242,12503,12263,12024,11766,11850,10494,11471,12449,12051,11653,11401,11482
202,Martinique,38705,46599,54492,57034,59575,61731,61579,19091,22271,25451,25891,26330,26989,26923,19614,24328,29041,31143,33245,34742,34656
203,Montserrat,2013,1612,1211,1244,1277,1351,1364,1029,825,622,639,657,696,703,984,787,589,605,620,655,661
204,Puerto Rico,321909,338067,355038,352144,304969,280494,273494,153354,160739,168480,166780,142939,130916,127649,168555,177328,186558,185364,162030,149578,145845
205,Saint Kitts and Nevis,3210,4248,5871,6682,7245,7443,7587,1642,2196,3068,3501,3806,3916,3992,1568,2052,2803,3181,3439,3527,3595
206,Saint Lucia,5305,7152,9868,11468,12100,12771,12889,2616,3560,4950,5783,6106,6446,6506,2689,3592,4918,5685,5994,6325,6383
207,Saint Vincent and the Grenadines,3970,4135,4307,4395,4485,4577,4595,1928,2011,2099,2144,2190,2237,2246,2042,2124,2208,2251,2295,2340,2349
208,Sint Maarten (Dutch part),..,..,..,13100,26200,27295,28260,..,..,..,6285,12570,13077,13540,..,..,..,6815,13630,14218,14720
209,Trinidad and Tobago,50666,45994,41753,44812,48226,49883,50214,23528,21303,19288,20647,23152,24326,24488,27138,24691,22465,24165,25074,25557,25726
210,Turks and Caicos Islands,5062,7039,9015,13115,17216,22719,24534,2620,3643,4665,6787,8907,11755,12695,2442,3396,4350,6328,8309,10964,11839
211,United States Virgin Islands,51970,54241,56611,56647,56684,56721,56745,24824,25760,26730,26726,26722,26728,26740,27146,28481,29881,29921,29962,29993,30005
212,Central America,1829911,1298916,1107577,1385713,1749940,2043212,2092819,903333,643244,554886,692144,874453,1022596,1047594,926578,655672,552691,693569,875487,1020616,1045225
213,Belize,30404,33446,36488,41424,46360,54674,59998,16393,17512,18631,21045,23459,27502,30180,14011,15934,17857,20379,22901,27172,29818
214,Costa Rica,417628,364287,310946,358175,405404,411697,414214,212173,184485,156798,176335,195873,197613,198822,205455,179802,154148,181840,209531,214084,215392
215,El Salvador,47360,39537,31713,36019,40324,42045,42323,22218,18564,14909,17029,19148,19996,20129,25142,20973,16804,18990,21176,22049,22194
216,Guatemala,264257,156188,48119,57252,66384,78352,81528,112615,66913,21211,26064,30917,37136,38642,151642,89275,26908,31188,35467,41216,42886
217,Honduras,270423,149442,28461,27875,27288,38317,38700,137573,76077,14581,14444,14306,20116,20318,132850,73365,13880,13431,12982,18201,18382
218,Mexico,695674,458549,538051,712487,969538,1193155,1224169,348353,229589,270896,359642,490691,604669,620387,347321,228960,267155,352845,478847,588486,603782
219,Nicaragua,41421,26619,30389,34918,37333,40262,41159,20860,13364,15423,17773,19128,20723,21185,20561,13255,14966,17145,18205,19539,19974
220,Panama,62744,70848,83410,117563,157309,184710,190728,33148,36740,42437,59812,80931,94841,97931,29596,34108,40973,57751,76378,89869,92797
221,South America,4283262,4241024,4215204,4518645,5143123,5843031,6015623,2144038,2109833,2083685,2221898,2527553,2869025,2952839,2139224,2131191,2131519,2296747,2615570,2974006,3062784
222,Argentina,1649919,1595069,1540219,1673088,1805957,2086302,2164524,788130,753027,717924,774810,831696,960310,996316,861789,842042,822295,898278,974261,1125992,1168208
223,Bolivia (Plurinational State of),73758,83598,92658,107745,122846,142989,148837,37549,42806,47665,56019,64380,74939,78004,36209,40792,44993,51726,58466,68050,70833
224,Brazil,798517,741557,684596,638582,592568,716568,735557,426147,396152,366156,343019,319882,386838,397090,372370,345405,318440,295563,272686,329730,338467
225,Chile,107501,142417,177332,273384,369436,469436,488571,54547,69632,84717,129398,174079,221200,230217,52954,72785,92615,143986,195357,248236,258354
226,Colombia,104277,106943,109609,107612,124271,139134,142319,53109,54666,56223,55706,65622,74108,75805,51168,52277,53386,51906,58649,65026,66514
227,Ecuador,78663,115093,151523,187404,325366,387513,399068,38531,57879,77227,96188,167773,200352,206327,40132,57214,74296,91216,157593,187161,192741
228,Falkland Islands (Malvinas),855,868,1067,1166,1436,1571,1579,488,510,636,675,807,873,878,367,358,431,491,629,698,701
229,French Guiana,63612,70131,76649,86468,96288,106108,111718,34843,36869,38895,42729,46564,50399,53064,28769,33262,37754,43739,49724,55709,58654
230,Guyana,4095,6352,8610,10868,13126,15384,15530,2200,3405,4611,5817,7023,8229,8308,1895,2947,3999,5051,6103,7155,7222
231,Paraguay,195884,186570,176608,168243,160299,156462,160519,102816,97869,92052,87698,83394,81303,83412,93068,88701,84556,80545,76905,75159,77107
232,Peru,65025,56732,66293,77541,84066,91481,93780,32538,28061,32955,38746,42204,45805,46957,32487,28671,33338,38795,41862,45676,46823
233,Suriname,18031,22270,27506,33664,39713,46836,47699,9731,12057,14892,18339,21659,25569,26041,8300,10213,12614,15325,18054,21267,21658
234,Uruguay,98116,93428,88871,82318,76263,78799,79586,45830,43427,41093,37658,34507,35642,35998,52286,50001,47778,44660,41756,43157,43588
235,Venezuela (Bolivarian Republic of),1025009,1019996,1013663,1070562,1331488,1404448,1426336,517579,513473,508639,535096,667963,703458,714422,507430,506523,505024,535466,663525,700990,711914
236,NORTHERN AMERICA,27610542,33341147,40351848,45363387,50970996,55766224,57664154,13497319,16402001,19983930,22544728,24944651,27048230,27968436,14113223,16939146,20367918,22818659,26026345,28717994,29695718
237,Bermuda,15683,16676,17668,18276,18884,19126,18954,7557,8044,8531,8866,9202,9336,9253,8126,8632,9137,9410,9682,9790,9701
238,Canada,4333318,4864778,5511914,6078985,6761226,7561226,7861226,2109652,2356105,2659135,2915838,3236539,3619492,3763100,2223666,2508673,2852779,3163147,3524687,3941734,4098126
239,Greenland,9416,7320,6755,6686,6226,6009,6014,6565,5011,4723,4549,4210,3951,3955,2851,2309,2032,2137,2016,2058,2059
240,Saint Pierre and Miquelon,1099,1320,1458,1147,1017,986,990,560,682,756,597,531,516,519,539,638,702,550,486,470,471
241,United States of America,23251026,28451053,34814053,39258293,44183643,48178877,49776970,11372985,14032159,17310785,19614878,21694169,23414935,24191609,11878041,14418894,17503268,19643415,22489474,24763942,25585361
242,OCEANIA,4730858,5022263,5360027,6023421,7124634,8051745,8410933,2415042,2535448,2676143,2988897,3538007,3960480,4122782,2315816,2486815,2683884,3034524,3586627,4091265,4288151
243,Australia/New Zealand,4473260,4741947,5065063,5717982,6830423,7750276,8102983,2271419,2382510,2519827,2826880,3381077,3799017,3957706,2201841,2359437,2545236,2891102,3449346,3951259,4145277
244,Australia,3955213,4153330,4386250,4878030,5882980,6710540,7035560,2013196,2093280,2189900,2419190,2922030,3296230,3441530,1942017,2060050,2196350,2458840,2960950,3414310,3594030
245,New Zealand,518047,588617,678813,839952,947443,1039736,1067423,258223,289230,329927,407690,459047,502787,516176,259824,299387,348886,432262,488396,536949,551247
246,Melanesia,90210,96828,94078,103878,105684,114595,118078,50143,54089,52701,58643,59426,64613,66642,40067,42739,41377,45235,46258,49982,51436
247,Fiji,13283,13001,12719,12435,13351,13751,13911,6847,6726,6601,6564,7137,7421,7508,6436,6275,6118,5871,6214,6330,6403
248,New Caledonia,37673,43662,49651,55405,61158,64290,66001,20885,23908,26932,29909,32886,34621,35543,16788,19754,22719,25496,28272,29669,30458
249,Papua New Guinea,32720,33526,25101,29967,25424,30782,32389,18793,19832,15624,18942,16370,19538,20558,13927,13694,9477,11025,9054,11244,11831
250,Solomon Islands,4226,4178,3981,3271,2760,2585,2532,2349,2328,2224,1830,1546,1450,1421,1877,1850,1757,1441,1214,1135,1111
251,Vanuatu,2308,2461,2626,2800,2991,3187,3245,1269,1295,1320,1398,1487,1583,1612,1039,1166,1306,1402,1504,1604,1633
252,Micronesia,108969,118687,130186,128390,115948,115311,117601,60858,63046,64928,63769,58400,58468,59648,48111,55641,65258,64621,57548,56843,57953
253,Guam,69755,71912,74070,74743,75416,76089,78027,39364,38822,38280,38602,38924,39246,40246,30391,33090,35790,36141,36492,36843,37781
254,Kiribati,2162,2223,2283,2487,2868,2919,3022,1107,1139,1188,1312,1512,1539,1594,1055,1084,1095,1175,1356,1380,1428
255,Marshall Islands,1158,1480,1891,2417,3089,3284,3292,721,916,1164,1485,1895,2011,2016,437,564,727,932,1194,1273,1276
256,Micronesia (Fed. States of),3685,3342,3116,2905,2805,2756,2785,2099,2119,1721,1565,1502,1473,1489,1586,1223,1395,1340,1303,1283,1296
257,Nauru,2815,2605,2394,2253,2112,3678,3710,1506,1395,1283,1208,1133,2297,2317,1309,1210,1111,1045,979,1381,1393
258,Northern Mariana Islands,26593,32376,40122,37542,24168,21648,21777,14261,15847,17387,15977,10223,9100,9155,12332,16529,22735,21565,13945,12548,12622
259,Palau,2801,4749,6310,6043,5490,4937,4988,1800,2808,3905,3620,3211,2802,2831,1001,1941,2405,2423,2279,2135,2157
260,Polynesia,58419,64801,70700,73171,72579,71563,72271,32622,35803,38687,39605,39104,38382,38786,25797,28998,32013,33566,33475,33181,33485
261,American Samoa,21283,23098,24912,24233,23555,23513,23561,11175,12037,12898,12498,12098,11998,12023,10108,11061,12014,11735,11457,11515,11538
262,Cook Islands,2587,2686,2785,3277,3769,4152,4213,1443,1497,1552,1724,1895,2078,2109,1144,1189,1233,1553,1874,2074,2104
263,French Polynesia,25830,28360,30329,32286,31640,30058,30687,15444,16689,17604,18405,18037,17136,17495,10386,11671,12725,13881,13603,12922,13192
264,Niue,461,480,498,522,545,557,553,245,257,268,282,295,302,300,216,223,230,240,250,255,253
265,Samoa,3357,4694,5998,5746,5122,4929,4879,1771,2451,3101,2940,2594,2469,2444,1586,2243,2897,2806,2528,2460,2435
266,Tokelau,270,266,262,258,429,487,504,150,147,144,133,206,233,242,120,119,118,125,223,254,262
267,Tonga,2911,3274,3684,4301,4589,4877,4952,1488,1718,1981,2328,2493,2650,2691,1423,1556,1703,1973,2096,2227,2261
268,Tuvalu,318,263,217,183,154,141,143,180,148,121,101,85,78,79,138,115,96,82,69,63,64
269,Wallis and Futuna Islands,1402,1680,2015,2365,2776,2849,2779,726,859,1018,1194,1401,1438,1403,676,821,997,1171,1375,1411,1376
