Country_code,Country Name,1990,1991,1992,1993,1994,1995,1996,1997,1998,1999,2000,2001,2002,2003,2004,2005,2006,2007,2008,2009,2010,2011,2012,2013,2014,2015,2016,2017
AF,Afghanistan,12249114,12993657,13981231,15095099,16172719,17099541,17822884,18381605,18863999,19403676,20093756,20966463,21979923,23064851,24118979,25070798,25893450,26616792,27294031,28004331,28803167,29708599,30696958,31731688,32758020,33736494,34656032,35530081
AL,Albania,3286542,3266790,3247039,3227287,3207536,3187784,3168033,3148281,3128530,3108778,3089027,3060173,3051010,3039616,3026939,3011487,2992547,2970017,2947314,2927519,2913021,2905195,2900401,2895092,2889104,2880703,2876101,2873457
DZ,Algeria,25912367,26554329,27181094,27786259,28362253,28904298,29411415,29886839,30335732,30765613,31183660,31592153,31995046,32403514,32831096,33288437,33777915,34300076,34860715,35465760,36117637,36819558,37565847,38338562,39113313,39871528,40606052,41318142
AS,American Samoa,47038,48375,49593,50720,51803,52868,53929,54941,55901,56770,57521,58175,58731,59117,59264,59118,58650,57903,57030,56227,55637,55320,55230,55307,55437,55537,55599,55641
AD,Andorra,54509,56671,58888,60971,62677,63850,64360,64327,64142,64370,65390,67341,70049,73182,76244,78867,80991,82683,83861,84462,84449,83751,82431,80788,79223,78014,77281,76965
AO,Angola,12171441,12553446,12968345,13403734,13841301,14268994,14682284,15088981,15504318,15949766,16440924,16983266,17572649,18203369,18865716,19552542,20262399,20997687,21759420,22549547,23369131,24218565,25096150,25998340,26920466,27859305,28813463,29784193
AG,Antigua and Barbuda,66696,67307,68427,69938,71719,73619,75628,77739,79851,81831,83584,85057,86266,87293,88257,89253,90301,91381,92478,93581,94661,95719,96777,97824,98875,99923,100963,102012
Unknown,Arab World,224735446,230829868,235037179,241286091,247435930,255029671,260843462,266575075,272235146,277962869,283832016,289850357,296026575,302434519,309162029,316264728,323773264,331653797,339825483,348145094,356508908,364895878,373306993,381702086,390043028,398304960,406452690,414491886
AR,Argentina,32729739,33193918,33655151,34110917,34558115,34994814,35419682,35833969,36241590,36648068,37057452,37471509,37889370,38309379,38728696,39145488,39558890,39970224,40382389,40799407,41223889,41656879,42096739,42539925,42981515,43417765,43847430,44271041
AM,Armenia,3538165,3505251,3442810,3363098,3283660,3217342,3168215,3133086,3108684,3089017,3069588,3050655,3033897,3017806,3000612,2981259,2958500,2933056,2908220,2888584,2877311,2875581,2881922,2893509,2906220,2916950,2924816,2930450
AW,Aruba,62149,64622,68235,72504,76700,80324,83200,85451,87277,89005,90853,92898,94992,97017,98737,100031,100832,101220,101353,101453,101669,102053,102577,103187,103795,104341,104822,105264
AU,Australia,17065100,17284000,17495000,17667000,17855000,18072000,18311000,18517000,18711000,18926000,19153000,19413000,19651400,19895400,20127400,20394800,20697900,20827600,21249200,21691700,22031750,22340024,22742475,23145901,23504138,23850784,24210809,24598933
AT,Austria,7677850,7754891,7840709,7905633,7936118,7948278,7959017,7968041,7976789,7992324,8011566,8042293,8081957,8121423,8171966,8227829,8268641,8295487,8321496,8343323,8363404,8391643,8429991,8479823,8546356,8642699,8736668,8809212
AZ,Azerbaijan,7159000,7271000,7382000,7495000,7597000,7685000,7763000,7838250,7913000,7982750,8048600,8111200,8171950,8234100,8306500,8391850,8484550,8581300,8763400,8947243,9054332,9173082,9295784,9416801,9535079,9649341,9757812,9862429
BS,"Bahamas, The",256336,261116,266134,271165,275895,280150,283790,286970,290060,293572,297890,303135,309157,315746,322526,329249,335830,342328,348676,354856,360832,366568,372039,377240,382169,386838,391232,395361
BH,Bahrain,495931,509765,523087,536213,549588,563699,578668,594930,613702,636545,664614,697549,735148,778711,829848,889168,958414,1035891,1114590,1185029,1240862,1278269,1300217,1315411,1336397,1371855,1425171,1492584
BD,Bangladesh,106188642,108727432,111221938,113695139,116182267,118706871,121269645,123854640,126447965,129029691,131581243,134107160,136600667,139019001,141307489,143431101,145368004,147139191,148805814,150454708,152149102,153911916,155727053,157571292,159405279,161200886,162951560,164669751
BB,Barbados,260374,261275,262184,263089,264015,264959,265942,266945,267950,268922,269847,270685,271478,272258,273091,274009,275039,276150,277319,278470,279569,280601,281585,282509,283385,284217,284996,285719
BY,Belarus,10189000,10194000,10216000,10239000,10227000,10194000,10160000,10117000,10069000,10026738,9979610,9928549,9865548,9796749,9730146,9663915,9604924,9560953,9527985,9506765,9490583,9473172,9464495,9465997,9474511,9489616,9501534,9507875
BE,Belgium,9967379,10004486,10045158,10084475,10115603,10136811,10156637,10181245,10203008,10226419,10251250,10286570,10332785,10376133,10421137,10478617,10547958,10625700,10709973,10796493,10895586,11047744,11128246,11182817,11209057,11274196,11331422,11372068
BZ,Belize,187552,191126,194317,197616,201674,206963,213676,221606,230284,239026,247315,254984,262206,269130,276089,283277,290747,298407,306165,313929,321608,329192,336701,344181,351694,359288,366954,374681
BJ,Benin,4978496,5149499,5331803,5521763,5714220,5905558,6094259,6281639,6470265,6664098,6865951,7076733,7295394,7520555,7750004,7982225,8216896,8454791,8696916,8944706,9199259,9460802,9729160,10004451,10286712,10575952,10872298,11175692
BM,Bermuda,59326,59021,58595,58910,59320,59746,60129,60497,60943,61285,61833,62504,62912,63325,63740,64154,64523,64888,65273,65636,65124,64564,64798,65001,65139,65239,65341,65441
BT,Bhutan,537280,537284,531525,523117,516503,514877,519282,528754,542155,557543,573416,589600,606399,623434,640282,656639,672228,686958,700950,714458,727641,740510,752967,764961,776448,787386,797765,807610
BO,Bolivia,6856244,6992521,7131707,7273825,7418861,7566714,7717443,7870855,8026254,8182712,8339512,8496375,8653345,8810420,8967741,9125409,9283334,9441444,9599855,9758748,9918242,10078343,10239004,10400264,10562159,10724705,10887882,11051600
BA,Bosnia and Herzegovina,4463422,4371603,4239154,4087999,3948816,3843712,3780378,3752431,3750485,3759118,3766706,3771284,3775807,3779247,3781287,3781530,3779468,3774000,3763599,3746561,3722084,3688865,3648200,3604999,3566002,3535961,3516816,3507017
BW,Botswana,1377912,1416731,1455833,1494693,1532622,1569094,1604060,1637635,1669625,1699862,1728340,1754935,1779953,1804339,1829330,1855852,1884238,1914414,1946351,1979882,2014866,2051339,2089315,2128507,2168573,2209197,2250260,2291661
BR,Brazil,149352145,151976577,154564278,157132682,159705123,162296612,164913306,167545164,170170640,172759243,175287587,177750670,180151021,182482149,184738458,186917361,189012412,191026637,192979029,194895996,196796269,198686688,200560983,202408632,204213133,205962108,207652865,209288278
VG,British Virgin Islands,16461,16934,17344,17703,18052,18427,18833,19270,19722,20188,20645,21085,21529,22000,22541,23168,23905,24731,25604,26447,27224,27901,28509,29056,29588,30113,30661,31196
BN,Brunei Darussalam,258785,266274,273963,281751,289525,297192,304699,312038,319222,326289,333241,340117,346867,353389,359523,365158,370250,374864,379252,383772,388662,394013,399748,405716,411704,417542,423196,428697
BG,Bulgaria,8718289,8632367,8540164,8472313,8443591,8406067,8362826,8312068,8256786,8210624,8170172,8009142,7837161,7775327,7716860,7658972,7601022,7545338,7492561,7444443,7395599,7348328,7305888,7265115,7223938,7177991,7127822,7075991
BF,Burkina Faso,8811034,9050084,9297113,9552476,9816588,10089878,10372745,10665546,10968724,11282701,11607942,11944587,12293100,12654621,13030569,13421930,13829177,14252021,14689726,15141099,15605217,16081904,16571216,17072723,17585977,18110624,18646433,19193382
BI,Burundi,5415415,5542048,5661139,5771398,5871607,5962058,6041112,6112097,6186352,6278940,6400706,6555829,6741569,6953113,7182451,7423289,7675338,7939573,8212264,8489031,8766930,9043508,9319710,9600186,9891790,10199270,10524117,10864245
CV,Cabo Verde,341883,349934,359090,369014,379156,389127,398773,408175,417323,426285,435079,443716,452106,460147,467664,474567,480795,486438,491723,496963,502384,508067,513979,520106,526437,532913,539560,546388
KH,Cambodia,8973342,9286976,9621504,9968275,10315376,10653558,10980273,11295880,11597739,11883636,12152354,12402473,12634729,12853124,13063377,13270201,13474489,13676693,13880509,14090208,14308740,14537886,14776866,15022692,15270790,15517635,15762370,16005373
CM,Cameroon,11715218,12060729,12408931,12758881,13109660,13460994,13812472,14165423,14523570,14891891,15274234,15671927,16084886,16513822,16959081,17420795,17899562,18395389,18907008,19432541,19970495,20520447,21082383,21655715,22239904,22834522,23439189,24053727
CA,Canada,27791000,28171682,28519597,28833410,29111906,29354000,29671900,29987200,30247900,30499200,30769700,31081900,31362000,31676000,31995000,32312000,32570505,32887928,33245773,33628571,34005274,34342780,34750545,35152370,35535348,35832513,36264604,36708083
Unknown,Caribbean small states,6021614,6070204,6124265,6181538,6238576,6292827,6343683,6392040,6438587,6484510,6530691,6577216,6623792,6670276,6716373,6761932,6806838,6851221,6895315,6939534,6984096,7029022,7074129,7118888,7162679,7204948,7245472,7284294
KY,Cayman Islands,25010,26213,27404,28646,30055,31672,33536,35597,37740,39808,41687,43316,44738,46028,47299,48622,50031,51483,52926,54279,55507,56579,57523,58371,59172,59963,60765,61559
CF,Central African Republic,2939780,3014624,3095807,3181222,3267670,3352767,3435821,3517309,3597385,3676508,3754986,3832203,3907612,3981665,4055036,4127910,4201758,4275800,4345386,4404230,4448525,4476153,4490416,4499653,4515392,4546100,4594621,4659080
Unknown,Central Europe and the Baltics,110745760,110290445,110005636,110081461,110019570,109913216,109563097,109459093,109207205,109102354,108405522,107800399,107097577,106760768,106466116,106173766,105901322,105504531,105126686,104924372,104543801,104174038,103935318,103713726,103496179,103257751,102994343,102727102
TD,Chad,5956859,6150081,6349089,6555603,6772133,7000722,7241134,7493251,7759258,8041846,8342559,8663012,9001689,9353201,9710043,10067009,10421597,10775708,11133861,11502786,11887202,12288651,12705135,13133589,13569438,14009413,14452543,14899994
Unknown,Channel Islands,140671,141568,142258,142819,143384,144046,144829,145715,146671,147687,148725,149793,150901,152038,153170,154294,155411,156513,157581,158603,159581,160497,161358,162180,162969,163758,164541,165314
CL,Chile,13242132,13457244,13671033,13882668,14091389,14296613,14497826,14694835,14887756,15076952,15262754,15444969,15623635,15799542,15973778,16147064,16319792,16491687,16661942,16829442,16993354,17153357,17309746,17462982,17613798,17762681,17909754,18054726
CN,China,1135185000,1150780000,1164970000,1178440000,1191835000,1204855000,1217550000,1230075000,1241935000,1252735000,1262645000,1271850000,1280400000,1288400000,1296075000,1303720000,1311020000,1317885000,1324655000,1331260000,1337705000,1344130000,1350695000,1357380000,1364270000,1371220000,1378665000,1386395000
CO,Colombia,34271565,34916766,35558682,36195168,36823537,37441977,38049038,38645411,39234062,39819279,40403958,40988909,41572491,42152151,42724163,43285634,43835722,44374572,44901544,45416181,45918097,46406646,46881475,47342981,47791911,48228697,48653419,49065615
KM,Comoros,411594,423872,436448,449274,462277,475394,488627,501953,515385,528848,542357,555888,569479,583211,597228,611627,626425,641620,657229,673252,689692,706569,723868,741500,759385,777424,795601,813912
CD,"Congo, Dem. Rep.",34614581,35914825,37346147,38833595,40273701,41595744,42770544,43830146,44840529,45898667,47076387,48394338,49835756,51390033,53034217,54751476,56543011,58417562,60373608,62409435,64523263,66713597,68978682,71316033,73722860,76196619,78736153,81339988
CG,"Congo, Rep.",2440457,2507772,2577035,2648507,2722497,2799255,2879222,2962470,3048453,3136344,3225727,3315806,3407180,3502519,3605439,3718243,3842365,3976246,4115435,4253712,4386693,4512730,4633363,4751393,4871101,4995648,5125821,5260750
CR,Costa Rica,3095995,3175649,3257466,3341004,3425690,3510926,3596732,3682725,3767373,3848723,3925443,3996798,4063204,4125971,4187038,4247841,4308794,4369469,4429508,4488263,4545280,4600474,4654122,4706401,4757575,4807852,4857274,4905769
CI,Cote d'Ivoire,12267754,12710008,13163019,13622731,14083611,14540820,14995249,15445986,15884552,16300233,16686561,17040152,17366517,17679355,17997738,18336303,18699435,19085941,19497986,19936366,20401331,20895311,21418603,21966312,22531350,23108472,23695919,24294750
HR,Croatia,4780000,4510000,4470000,4640000,4650000,4669000,4494000,4572000,4501000,4554000,4426000,4440000,4440000,4440000,4439000,4442000,4440000,4436000,4434508,4429078,4417781,4280622,4267558,4255689,4238389,4203604,4174349,4125700
CU,Cuba,10582081,10663585,10733363,10794135,10850585,10906043,10961012,11013983,11064097,11110004,11150736,11186542,11217998,11244885,11266941,11284253,11296233,11303687,11309754,11318602,11333051,11354651,11382146,11412167,11439767,11461432,11475982,11484636
CW,Curacao,145400,144403,143912,144299,144630,145139,146306,146956,144472,139428,133860,129047,129205,131897,134192,137658,141239,144056,145880,146833,148703,150831,152088,153822,155909,157980,159663,161014
CY,Cyprus,766614,783129,800609,818751,837110,855384,873423,891192,908704,926050,943286,960282,976966,993563,1010410,1027658,1045509,1063712,1081563,1098076,1112607,1124835,1135062,1143896,1152309,1160985,1170125,1179551
CZ,Czech Republic,10333355,10308578,10319123,10329855,10333587,10327253,10315241,10304131,10294373,10283860,10255063,10216605,10196916,10193998,10197101,10211216,10238905,10298828,10384603,10443936,10474410,10496088,10510785,10514272,10525347,10546059,10566332,10591323
DK,Denmark,5140939,5154298,5171370,5188628,5206180,5233373,5263074,5284991,5304219,5321799,5339616,5358783,5375931,5390574,5404523,5419432,5437272,5461438,5493621,5523095,5547683,5570572,5591572,5614932,5643475,5683483,5728010,5769603
DJ,Djibouti,590398,606844,615054,618495,622366,630388,643682,660953,680612,700099,717584,732711,746221,758615,770752,783254,796208,809402,822934,836840,851146,865937,881185,896688,912164,927414,942333,956985
DM,Dominica,70926,70842,70970,71210,71373,71368,71145,70753,70290,69903,69676,69670,69824,70093,70379,70627,70807,70950,71074,71229,71440,71718,72044,72400,72778,73162,73543,73925
DO,Dominican Republic,7183647,7325622,7468551,7611465,7753052,7892423,8029113,8163472,8296375,8429112,8562622,8697126,8832285,8967760,9102998,9237566,9371338,9504353,9636520,9767758,9897985,10027095,10154950,10281296,10405844,10528394,10648791,10766998
Unknown,Early-demographic dividend,2031828081,2076397732,2120566584,2164507899,2208443694,2252578506,2297015199,2341634408,2386184548,2430487146,2474600589,2518353223,2561812502,2605067367,2648271523,2691528375,2734859659,2778276175,2821797496,2865439651,2909410986,2953406021,2997066325,3040700765,3084236443,3127578757,3170657660,3213426923
Unknown,East Asia & Pacific,1821481246,1847530233,1871898268,1895356643,1918771287,1941918800,1964635058,1986799861,2008140141,2028095314,2047150745,2065521836,2082953527,2099545576,2115557365,2131363078,2147029631,2162104019,2177421759,2192352319,2207154641,2221934584,2237082761,2252311022,2267745366,2283108073,2298726779,2314364990
Unknown,East Asia & Pacific (excluding high income),1604526529,1629001649,1651934416,1674021645,1695931765,1717381821,1738422945,1759201938,1779221736,1798083668,1815956211,1833033752,1849372898,1865072190,1880346879,1895491197,1910175419,1924328623,1938363936,1952308448,1966231608,1980303926,1994651365,2009173000,2023837097,2038410865,2053299126,2068308373
Unknown,East Asia & Pacific (IDA & IBRD countries),1584201525,1608359598,1630963313,1652721433,1674318786,1695483907,1716273159,1736829482,1756647023,1775313792,1792988790,1809863171,1825997060,1841494233,1856577921,1871547818,1886075684,1900087547,1913991988,1927809542,1941604842,1955546907,1969762859,1984152637,1998686391,2013132699,2027896410,2042783496
EC,Ecuador,10218091,10460990,10705667,10951202,11196479,11440583,11683479,11924993,12163885,12398691,12628596,12852755,13072060,13289601,13509647,13735233,13967480,14205453,14447562,14691275,14934690,15177355,15419666,15661547,15903112,16144368,16385068,16624858
EG,"Egypt, Arab Rep.",57412215,58752390,60035536,61275601,62495745,63714386,64933456,66151117,67378056,68626664,69905988,71226940,72590118,73981942,75381899,76778149,78159048,79537253,80953881,82465022,84107606,85897561,87813257,89807433,91812566,93778172,95688681,97553151
SV,El Salvador,5254984,5326657,5400331,5474000,5544945,5611115,5671925,5727755,5778706,5825187,5867626,5905962,5940303,5971535,6000775,6028961,6056478,6083475,6110301,6137276,6164626,6192560,6221246,6250777,6281189,6312478,6344722,6377853
GQ,Equatorial Guinea,426846,440624,455148,470610,487140,504871,523999,544636,566673,589938,614323,639762,666407,694611,724817,757317,792217,829327,868418,909111,951104,994290,1038593,1083746,1129424,1175389,1221490,1267689
ER,Eritrea,3113311,3127297,3118582,3099047,3085443,3090159,3116379,3161350,3224223,3302263,3392801,3497124,3614639,3738265,3858623,3969007,4066648,4153332,4232636,4310334,4390840,4474690,,,,,,
EE,Estonia,1569174,1561314,1533091,1494128,1462514,1436634,1415594,1399535,1386156,1390244,1396985,1388115,1379350,1370720,1362550,1354775,1346810,1340680,1337090,1334515,1331475,1327439,1322696,1317997,1314545,1315407,1315790,1315480
SZ,Eswatini,861373,885623,906034,924025,941774,960792,981764,1003995,1026009,1045629,1061468,1072927,1080930,1087392,1095053,1105873,1120514,1138434,1158897,1180675,1202843,1225258,1248158,1271456,1295097,1319011,1343098,1367254
ET,Ethiopia,48086516,49821083,51647768,53532956,55431123,57309880,59155148,60976450,62794151,64640054,66537331,68492257,70497192,72545144,74624405,76727083,78850689,81000409,83184892,85416253,87702670,90046756,92444183,94887724,97366774,99873033,102403196,104957438
Unknown,Euro area,311539698,312708142,314162056,315449104,316366779,317181449,318003015,318761764,319433983,320258902,321310787,322547880,324125338,325885964,327682507,329380413,330922791,332645166,334274730,335360887,336151474,335429120,336180504,337325526,338466271,339533474,340617355,341465149
Unknown,Europe & Central Asia,842848473,846178276,849656745,852762016,854723055,856352860,857652705,859112733,860236341,861380108,862304086,863615632,865196877,867457664,870030756,872661616,875343235,878465990,881965815,885591814,889016507,891098854,894679968,898881448,903123160,907426233,911686319,915545801
Unknown,Europe & Central Asia (excluding high income),385427446,387397109,389011005,390265543,390918548,391384579,391791161,392200932,392498014,392517924,392657969,392446165,392134307,392280391,392625999,393027492,393571334,394257705,395304586,397043992,399053204,401241932,403439691,405871230,408271623,410770813,413234935,415546194
Unknown,Europe & Central Asia (IDA & IBRD countries),428318228,430153302,431844672,433366951,434111200,434648577,434909531,435422592,435662495,435732195,435342598,435134241,434804671,434924961,435247221,435634937,436152601,436814265,437864853,439624673,441513779,443585809,445770413,448167115,450521747,452960829,455379371,457647735
Unknown,European Union,478005307,478976405,480438474,482099286,483262845,484271344,485000716,485892094,486565871,487539366,488178832,489155665,490390251,492200117,494162543,496115006,497973712,499916647,501808477,503317964,504421126,504015371,505117542,506621110,508193872,509717579,511218960,512461290
FO,Faroe Islands,47594,47457,47101,46640,46250,46040,46058,46251,46580,46937,47258,47526,47769,47974,48143,48285,48383,48448,48485,48517,48550,48608,48666,48747,48842,48965,49117,49290
FJ,Fiji,728628,735473,744531,755026,765667,775498,784476,792860,800315,806494,811223,814218,815691,816628,818354,821817,827411,834812,843340,851967,859950,867086,873596,879715,885806,892149,898760,905502
FI,Finland,4986431,5013740,5041992,5066447,5088333,5107790,5124573,5139835,5153498,5165474,5176209,5188008,5200598,5213014,5228172,5246096,5266268,5288720,5313399,5338871,5363352,5388272,5413971,5438972,5461512,5479531,5495303,5511303
Unknown,Fragile and conflict affected situations,259301889,266530173,274337650,282512676,290750580,298837493,306691898,314393550,321885559,329495037,337602457,346168747,355076801,364275678,373680882,383230416,392932365,402796842,412832401,423028631,433388814,443918286,454618893,465515402,476608101,487923553,499508468,511336623
FR,France,58512808,58559311,58851217,59106768,59327192,59541899,59753100,59964851,60186288,60496718,60912500,61357430,61805267,62244886,62704895,63179351,63621381,64016227,64374989,64707044,65027507,65342775,65659789,65998660,66316092,66593366,66859768,67118648
PF,French Polynesia,198375,202016,205266,208345,211579,215196,219283,223731,228376,232952,237258,241273,245006,248499,251775,254886,257832,260594,263179,265581,267820,269843,271703,273528,275484,277690,280208,283007
GA,Gabon,952212,978223,1004676,1031504,1058663,1086137,1113994,1142324,1171224,1200773,1231122,1262259,1294409,1328146,1364205,1403126,1444844,1489193,1536411,1586754,1640210,1697101,1756817,1817271,1875713,1930175,1979786,2025137
GM,"Gambia, The",916808,949493,979718,1008358,1036829,1066223,1096708,1128169,1160944,1195420,1231844,1270495,1311349,1354194,1398573,1444204,1491021,1539116,1588572,1639560,1692149,1746363,1802125,1859324,1917852,1977590,2038501,2100568
GE,Georgia,4802000,4835900,4873500,4911100,4861600,4734000,4616100,4531600,4487300,4452500,4418300,4386400,4357000,4301000,4245000,4190000,4136000,4082000,4030000,3978000,3926000,3875000,3825000,3776000,3727000,3717100,3719300,3717100
DE,Germany,79433029,80013896,80624598,81156363,81438348,81678051,81914831,82034771,82047195,82100243,82211508,82349925,82488495,82534176,82516260,82469422,82376451,82266372,82110097,81902307,81776930,80274983,80425823,80645605,80982500,81686611,82348669,82695000
GH,Ghana,14628260,15039514,15463854,15896432,16330174,16760467,17185608,17608812,18036494,18477612,18938762,19421605,19924522,20446782,20986536,21542009,22113425,22700212,23298640,23903831,24512104,25121796,25733049,26346251,26962563,27582821,28206728,28833629
GI,Gibraltar,29164,29212,29379,29623,29895,30147,30382,30594,30801,30991,31180,31374,31544,31720,31896,32085,32296,32510,32732,32956,33189,33405,33623,33831,34038,34228,34408,34571
GR,Greece,10196792,10319927,10399061,10460415,10512922,10562153,10608800,10661259,10720509,10761698,10805808,10862132,10902022,10928070,10955141,10987314,11020362,11048473,11077841,11107017,11121341,11104899,11045011,10965211,10892413,10820883,10775971,10760421
GL,Greenland,55600,55500,55300,55200,55500,55800,55900,56000,56100,56100,56200,56350,56609,56765,56911,56935,56774,56555,56328,56323,56905,56890,56810,56483,56295,56114,56186,56171
GD,Grenada,96283,96454,97198,98305,99405,100255,100796,101122,101309,101442,101619,101849,102100,102375,102656,102949,103259,103586,103930,104296,104677,105075,105481,105909,106360,106823,107317,107825
GU,Guam,130482,133558,136692,139818,142802,145561,148060,150303,152277,153953,155329,156401,157175,157714,158099,158402,158648,158855,159035,159231,159444,159678,159973,160375,160967,161797,162896,164229
GT,Guatemala,9263813,9483270,9708544,9938692,10172297,10408489,10646674,10887634,11133501,11387203,11650743,11924946,12208848,12500478,12796925,13096028,13397008,13700286,14006366,14316208,14630417,14948919,15271056,15596214,15923559,16252429,16582469,16913503
GN,Guinea,6041094,6374329,6758838,7163236,7544291,7871173,8132552,8337988,8503297,8653769,8808546,8971139,9137345,9309848,9490229,9679745,9881428,10096727,10323142,10556524,10794170,11035170,11281469,11536615,11805509,12091533,12395924,12717176
GW,Guinea-Bissau,1012280,1037155,1062800,1088569,1113541,1137122,1159060,1179727,1199915,1220794,1243229,1267512,1293523,1321202,1350345,1380838,1412669,1445958,1480841,1517448,1555880,1596154,1638139,1681495,1725744,1770526,1815698,1861283
GY,Guyana,743309,744289,748134,753484,758342,761291,761861,760510,757952,755278,753301,752263,751884,751857,751652,750946,749601,747869,746314,745693,746556,749100,753091,758081,763393,768514,773303,777859
HT,Haiti,7099732,7243391,7386975,7530705,7674911,7819806,7965553,8111951,8258483,8404398,8549200,8692567,8834733,8976552,9119178,9263404,9409457,9556889,9705029,9852870,9999617,10145054,10289210,10431776,10572466,10711061,10847334,10981229
Unknown,Heavily indebted poor countries (HIPC),355762200,366551884,377879250,389594161,401488248,413418810,425324425,437269757,449393754,461899663,474935556,488553040,502710676,517352559,532385197,547744433,563415107,579434057,595849807,612731524,630127436,648053253,666488623,685401960,704745420,724482652,744602976,765112280
Unknown,High income,1037334467,1045799408,1052656811,1061248480,1069147445,1078558586,1086071661,1093603568,1100763765,1108002668,1115010208,1122635089,1130299527,1137953182,1145971873,1154156034,1162908282,1172156434,1181962982,1190790909,1198787232,1204631343,1212058100,1219556921,1227211897,1234714041,1242137612,1249066228
HN,Honduras,4955328,5099951,5247836,5398805,5552625,5709051,5867849,6028882,6192026,6357221,6524283,6693061,6863157,7033821,7204153,7373430,7541406,7707972,7872658,8035021,8194778,8351600,8505646,8657785,8809216,8960829,9112867,9265067
HK,"Hong Kong SAR, China",5704500,5752000,5800500,5901000,6035400,6156100,6435500,6489300,6543700,6606500,6665000,6714300,6744100,6730800,6783500,6813200,6857100,6916300,6957800,6972800,7024200,7071600,7150100,7178900,7229500,7291300,7336600,7391700
HU,Hungary,10373988,10373400,10369341,10357523,10343355,10328965,10311238,10290486,10266570,10237530,10210971,10187576,10158608,10129552,10107146,10087065,10071370,10055780,10038188,10022650,10000023,9971727,9920362,9893082,9866468,9843028,9814023,9781127
Unknown,IBRD only,3471574806,3527564517,3581733333,3634874959,3687117639,3738698415,3789573048,3840453296,3890434565,3939169000,3986056196,4032084833,4077072173,4121738823,4166120812,4210445215,4254416829,4297926816,4341646260,4385943475,4430022932,4474450995,4519551913,4564885065,4610015643,4654714482,4699231955,4743263932
IS,Iceland,254826,257797,261057,263725,266021,267468,268916,271128,274047,277381,281205,284968,287523,289521,292074,296734,303782,311566,317414,318499,318041,319014,320716,323764,327386,330815,335439,341284
IN,India,870133480,888054875,906021106,924057817,942204249,960482795,978893217,997405318,1015974042,1034539214,1053050912,1071477855,1089807112,1108027848,1126135777,1144118674,1161977719,1179681239,1197146906,1214270132,1230980691,1247236029,1263065852,1278562207,1293859294,1309053980,1324171354,1339180127
ID,Indonesia,181436821,184615979,187766086,190879523,193945272,196957849,199914831,202826465,205715544,208612556,211540429,214506502,217508059,220545214,223614649,226712730,229838202,232989141,236159276,239340478,242524123,245707511,248883232,252032263,255131116,258162113,261115456,263991379
IR,"Iran, Islamic Rep.",56226185,57375584,58260738,58991218,59725125,60575644,61583089,62710557,63900630,65062660,66131854,67096414,67983330,68812713,69617100,70421811,71227880,72031103,72845542,73687565,74567511,75491582,76453574,77435384,78411092,79360487,80277428,81162788
IQ,Iraq,17469005,17942715,18458187,19011917,19597239,20208387,20845893,21509291,22190250,22878156,23565413,24251649,24939299,25627626,26316609,27008426,27697912,28390433,29111417,29894652,30762701,31727053,32776571,33883145,35006080,36115649,37202572,38274618
IE,Ireland,3513974,3534235,3558430,3576261,3590386,3608841,3637510,3674171,3712696,3754786,3805174,3866243,3931947,3996521,4070262,4159914,4273591,4398942,4489544,4535375,4560155,4580084,4599533,4623816,4657740,4701957,4755335,4813608
IM,Isle of Man,68429,69096,69475,69656,69818,70070,70431,70869,71390,71952,72554,73192,73870,74587,75341,76118,76914,77727,78534,79325,80072,80759,81406,82013,82590,83167,83737,84287
IL,Israel,4660000,4949000,5123000,5261000,5399000,5545000,5692000,5836000,5971000,6125000,6289000,6439000,6570000,6689700,6809000,6930100,7053700,7180100,7308800,7485600,7623600,7765800,7910500,8059500,8215700,8380100,8546000,8712400
IT,Italy,56719240,56758521,56797087,56831821,56843400,56844303,56860281,56890372,56906744,56916317,56942108,56974100,57059007,57313203,57685327,57969484,58143979,58438310,58826731,59095365,59277417,59379449,59539717,60233948,60789140,60730582,60627498,60551416
JM,Jamaica,2424242,2443689,2465362,2488782,2513049,2537440,2561993,2586827,2611367,2634882,2656864,2677011,2695446,2712511,2728777,2744673,2760279,2775467,2790122,2804082,2817210,2829493,2840992,2851807,2862087,2871934,2881355,2890299
JP,Japan,123537000,123921000,124229000,124536000,124961000,125439000,125757000,126057000,126400000,126631000,126843000,127149000,127445000,127718000,127761000,127773000,127854000,128001000,128063000,128047000,128070000,127833000,127629000,127445000,127276000,127141000,126994511,126785797
JO,Jordan,3560582,3753433,3968198,4189431,4395953,4572904,4716373,4832267,4927912,5014899,5103130,5193482,5287488,5396774,5535595,5714111,5934232,6193191,6489822,6821116,7182390,7574943,7992573,8413464,8809306,9159302,9455802,9702353
KZ,Kazakhstan,16348000,16450500,16439095,16330419,16095199,15815626,15577894,15333703,15071300,14928426,14883626,14858335,14858948,14909018,15012985,15147029,15308084,15484192,15674000,16092822,16321872,16557201,16792089,17035550,17288285,17542806,17794055,18037646
KE,Kenya,23402507,24179598,24963953,25754114,26548486,27346456,28147734,28954114,29769803,30600397,31450483,32321482,33214009,34130852,35074931,36048288,37052050,38085909,39148416,40237204,41350152,42486839,43646629,44826849,46024250,47236259,48461567,49699862
KI,Kiribati,72412,73700,74769,75719,76671,77730,78907,80184,81550,82966,84406,85858,87343,88895,90542,92325,94260,96311,98440,100568,102652,104656,106613,108535,110458,112407,114395,116398
KP,"Korea, Dem. People’s Rep.",20293054,20609150,20937404,21265834,21577982,21862299,22113548,22335638,22537336,22731985,22929075,23131810,23336681,23538540,23729498,23904167,24061097,24203289,24335146,24463021,24591599,24722298,24854034,24985976,25116363,25243917,25368620,25490965
KR,"Korea, Rep.",42869283,43295704,43747962,44194628,44641540,45092991,45524681,45953580,46286503,46616677,47008111,47370164,47644736,47892330,48082519,48184561,48438292,48683638,49054708,49307835,49554112,49936638,50199853,50428893,50746659,51014947,51245707,51466201
Unknown,Kosovo,1862000,1898000,1932000,1965000,1997000,2029000,2059000,2086000,1966000,1762000,1700000,1701154,1702310,1703466,1704622,1705780,1719536,1733404,1747383,1761474,1775680,1791000,1805200,1824100,1821800,1801800,1816200,1830700
KW,Kuwait,2099615,2035661,,,,1610651,1631740,1715314,1836353,1957066,2050741,2109355,2143833,2169118,2207939,2276623,2377258,2503410,2652340,2818939,2998083,3191051,3395556,3598385,3782450,3935794,4052584,4136528
KG,Kyrgyz Republic,4391200,4463600,4515400,4516700,4515100,4560400,4628400,4696400,4769000,4840400,4898400,4945100,4990700,5043300,5104700,5162600,5218400,5268400,5318700,5383300,5447900,5514600,5607200,5719600,5835500,5956900,6079500,6201500
LA,Lao PDR,4258472,4380073,4502363,4623280,4740380,4851923,4957180,5056519,5150763,5241284,5329304,5414568,5497273,5579656,5664605,5754026,5849356,5949787,6052190,6152036,6246274,6333487,6415169,6494557,6576397,6663967,6758353,6858160
Unknown,Late-demographic dividend,1851248918,1875124381,1895051479,1915919207,1936316441,1957770830,1977094618,1996172104,2014525994,2031620012,2047187331,2061986736,2075912406,2089475459,2102909369,2116451896,2129839624,2142908325,2156164379,2169773889,2182871640,2196130364,2209708504,2223457388,2237241890,2250812795,2264568981,2278227192
Unknown,Latin America & Caribbean,445044474,453251622,461466819,469673465,477832467,485913138,493920488,501837820,509664957,517324344,524829251,532172709,539372044,546478662,553563090,560673962,567821716,574994397,582179826,589349327,596478519,603537118,610547919,617495658,624335544,631062657,637663890,644137666
Unknown,Latin America & Caribbean (excluding high income),387713894,395121495,402540526,409949382,417319166,424626030,431868811,439044994,446128863,453089523,459908706,466569961,473087978,479514487,485921455,492360617,498847473,505365856,511896377,518406797,524870761,531283625,537645733,543940758,550149862,556257851,562254848,568136842
Unknown,Latin America & the Caribbean (IDA & IBRD countries),430014112,438102530,446211495,454312822,462368285,470347459,478247051,486067029,493785288,501376484,508826710,516120111,523270767,530331985,537377388,544459791,551595525,558768052,565956228,573125269,580246796,587315129,594330743,601277206,608136047,614891969,621534921,628059792
LV,Latvia,2663151,2650581,2614338,2563290,2520742,2485056,2457222,2432851,2410019,2390482,2367550,2337170,2310173,2287955,2263122,2238799,2218357,2200325,2177322,2141669,2097555,2059709,2034319,2012647,1993782,1977527,1959537,1940740
Unknown,Least developed countries: UN classification,510827576,525020368,539720450,554804181,570101958,585496175,600926162,616437048,632146821,648229112,664804763,681932226,699560739,717572892,735796583,754118072,772488966,790978141,809730997,828953320,848791962,869298106,890423474,912093996,934192321,956631108,979387925,1002485957
LB,Lebanon,2703016,2752462,2821862,2900854,2974640,3033394,3070960,3092670,3113951,3156646,3235366,3359859,3522837,3701464,3863267,3986852,4057350,4086466,4111047,4183156,4337141,4588368,4916404,5276102,5603279,5851479,6006668,6082357
LS,Lesotho,1603938,1634517,1667121,1700362,1732257,1761359,1787273,1810453,1831298,1850527,1868699,1885955,1902312,1918097,1933728,1949543,1965662,1982287,1999930,2019209,2040551,2064166,2089928,2117361,2145785,2174645,2203821,2233339
LR,Liberia,2097232,2060267,2022729,2000248,2012885,2073482,2191179,2358469,2551062,2734518,2884522,2991132,3062863,3116233,3176414,3261230,3375838,3512932,3662993,3811528,3948125,4070167,4181563,4286291,4390737,4499621,4613823,4731906
LY,Libya,4436661,4544293,4651004,4755289,4855003,4948798,5035884,5117269,5195502,5274163,5355751,5440566,5527515,5615952,5704759,5792688,5881435,5970362,6053078,6121053,6169140,6193501,6198258,6195970,6204108,6234955,6293253,6374616
LI,Liechtenstein,28747,29108,29497,29919,30365,30833,31325,31838,32355,32842,33286,33671,34018,34321,34596,34852,35095,35322,35541,35766,36003,36264,36545,36834,37127,37403,37666,37922
LT,Lithuania,3697838,3704134,3700114,3682613,3657144,3629102,3601613,3575137,3549331,3524238,3499536,3470818,3443067,3415213,3377075,3322528,3269909,3231294,3198231,3162916,3097282,3028115,2987773,2957689,2932367,2904910,2868231,2827721
Unknown,Low & middle income,4250768747,4329689211,4407097054,4483624608,4559643731,4635235786,4710560456,4785830332,4860402272,4933815918,5006672528,5078705169,5150230538,5221946114,5293853508,5366142729,5438568259,5511067338,5584333697,5658778430,5734082511,5810352625,5887499549,5965580605,6044110924,6122845409,6202019744,6281293921
Unknown,Low income,352473181,362705618,373402947,384447813,395678396,406983803,418317960,429730581,441325367,453254723,465631330,478477973,491764952,505488618,519630935,534172627,549135479,564514253,580229110,596172925,612274687,628504663,644901894,661550623,678572076,696058453,714022293,732448558
Unknown,Lower middle income,1881674731,1921978997,1962374702,2002605779,2042431452,2082090008,2121803515,2161549857,2201139625,2240561424,2280235216,2320035800,2359924081,2399909122,2439908661,2479864962,2519781995,2559728298,2599821177,2640211692,2681264749,2722672277,2764105969,2805845772,2847559084,2889349899,2931075528,2972642807
LU,Luxembourg,381850,387000,392175,397475,402925,408625,414225,419450,424700,430475,436300,441525,446175,451630,458095,465158,472637,479993,488650,497783,506953,518347,530946,543360,556319,569604,582014,599449
MO,"Macao SAR, China",343935,353764,362459,370345,377960,385686,393567,401564,409837,418604,427979,438081,448896,460147,471453,482559,493320,503823,514348,525313,536969,549439,562531,575841,588781,600942,612167,622567
MK,"Macedonia, FYR",1996228,1993302,1988659,1984028,1981703,1983252,1989443,1999599,2012057,2024394,2034819,2042842,2048928,2053426,2057047,2060272,2063145,2065458,2067378,2069093,2070739,2072383,2074036,2075739,2077495,2079308,2081206,2083160
MG,Madagascar,11598633,11942819,12301336,12675460,13066543,13475400,13902688,14347854,14808791,15282521,15766806,16260932,16765117,17279141,17802997,18336724,18880268,19433523,19996469,20569121,21151640,21743949,22346573,22961146,23589801,24234088,24894551,25570895
MW,Malawi,9437553,9641153,9729717,9755857,9796976,9909088,10109789,10381862,10704744,11044356,11376172,11695863,12013711,12336687,12676038,13039711,13429262,13840969,14271234,14714602,15167095,15627618,16097305,16577147,17068838,17573607,18091575,18622104
MY,Malaysia,18038321,18529454,19012724,19494967,19986894,20495597,21023321,21565325,22113464,22656286,23185608,23698907,24198811,24688703,25174109,25659393,26143566,26625845,27111069,27605383,28112289,28635128,29170456,29706724,30228017,30723155,31187265,31624264
MV,Maldives,223215,229754,236190,242459,248433,254082,259327,264275,269206,274484,280384,287027,294341,302209,310423,318836,327371,336070,345054,354501,364511,375131,386203,397397,408247,418403,427756,436330
ML,Mali,8465188,8652514,8868263,9105472,9353385,9604450,9856810,10114094,10380835,10663723,10967690,11293258,11638929,12005128,12391906,12798763,13227064,13675606,14138216,14606597,15075085,15540989,16006670,16477818,16962846,17467905,17994837,18541980
MT,Malta,354170,363845,367618,371308,374797,377419,379905,382791,385287,387578,390087,393028,395969,398582,401268,403834,405308,406724,409379,412477,414508,416268,420028,425967,434558,445053,455356,465292
MH,Marshall Islands,47298,48475,49378,50048,50575,51015,51401,51692,51925,52079,52159,52183,52158,52116,52074,52055,52078,52137,52218,52320,52425,52542,52663,52793,52898,52994,53066,53127
MR,Mauritania,2030140,2085202,2141445,2199791,2261403,2327075,2397245,2471598,2549223,2628803,2709359,2790729,2873228,2957117,3042823,3130720,3220653,3312665,3407541,3506288,3609543,3717672,3830239,3946170,4063920,4182341,4301018,4420184
MU,Mauritius,1058775,1070266,1084441,1097374,1112846,1122457,1133996,1148284,1160421,1175267,1186873,1196287,1204621,1213370,1221003,1228254,1233996,1239630,1244121,1247429,1250400,1252404,1255882,1258653,1260934,1262605,1263473,1264613
MX,Mexico,85357874,87071512,88828310,90600453,92349147,94045579,95687452,97281739,98821456,100300579,101719673,103067068,104355608,105640453,106995583,108472228,110092378,111836346,113661809,115505228,117318941,119090017,120828307,122535969,124221600,125890949,127540423,129163276
FM,"Micronesia, Fed. Sts.",96331,98799,101413,103934,106057,107556,108344,108502,108238,107816,107432,107165,106983,106816,106577,106196,105684,105078,104478,103960,103616,103468,103503,103702,104015,104433,104937,105544
Unknown,Middle East & North Africa,255989130,262659662,267020622,273204804,279279333,286917385,292934005,298982946,305001541,311053183,317129227,323196354,329289435,335522845,342046777,348956287,356287693,363996317,371999662,380192587,388376106,396573248,404783020,412953000,421030035,428974903,436738031,444322417
Unknown,Middle East & North Africa (excluding high income),227903820,233582274,239062651,244395451,249660649,254918217,260190124,265463944,270672291,275840061,280955290,286016125,291051001,296114536,301278295,306595214,312079307,317721161,323531149,329488935,335581557,341822043,348195697,354641044,361077997,367449306,373719055,379901782
Unknown,Middle East & North Africa (IDA & IBRD countries),225925572,231513429,236899060,242132775,247294351,252443551,257602127,262757426,267895723,272991630,278033137,283018341,287975628,292959567,298041669,303274818,308672973,314226665,319934461,325786717,331770455,337894992,344148796,350471538,356783315,363027163,369167489,375217005
Unknown,Middle income,3898295566,3966983593,4033694107,4099176795,4163965335,4228251983,4292242496,4356099751,4419076905,4480561195,4541041198,4600227196,4658465586,4716457496,4774222573,4831970102,4889432780,4946553085,5004104587,5062605505,5121807824,5181847962,5242597655,5304029982,5365538848,5426786956,5487997451,5548845363
MD,Moldova,3696000,3704000,3706000,3701000,3691000,3675099,3667748,3654208,3652732,3647001,3639592,3631462,3623062,3612874,3603945,3595187,3585209,3576910,3570108,3565604,3562045,3559986,3559519,3558566,3556397,3554108,3551954,3549750
MC,Monaco,29439,29624,29863,30138,30427,30691,30967,31251,31523,31800,32082,32360,32629,32933,33314,33793,34408,35111,35853,36534,37094,37497,37783,37971,38132,38307,38499,38695
MN,Mongolia,2184145,2217918,2243502,2263200,2280496,2298039,2316567,2335695,2355590,2376162,2397436,2419776,2443659,2469286,2496832,2526446,2558012,2591670,2628131,2668289,2712650,2761516,2814226,2869107,2923896,2976877,3027398,3075647
ME,Montenegro,606372,607105,608516,610170,611389,611712,611003,609520,607662,606001,604950,607389,609828,612267,613353,614261,615025,615875,616969,618294,619428,620079,620601,621207,621810,622159,622303,622471
MA,Morocco,24879136,25336862,25791494,26237417,26667048,27075232,27460603,27825901,28175263,28514798,28849621,29181832,29512368,29843937,30179285,30521070,30869346,31225881,31596855,31989897,32409639,32858823,33333789,33824769,34318082,34803322,35276786,35739580
MZ,Mozambique,13247649,13591970,14071231,14636995,15217044,15759132,16248232,16701351,17136780,17584869,18067687,18588758,19139658,19716598,20312705,20923070,21547463,22188387,22846758,23524063,24221405,24939005,25676606,26434372,27212382,28010691,28829476,29668834
MM,Myanmar,40626250,41190156,41711465,42209778,42712223,43237792,43793310,44371525,44959935,45539435,46095462,46627994,47140220,47624894,48073707,48482614,48846474,49171586,49479752,49800690,50155896,50553031,50986514,51448196,51924182,52403669,52885223,53370609
NA,Namibia,1414692,1465740,1513721,1559983,1606718,1655359,1706489,1758994,1810566,1858042,1899257,1933596,1962147,1986535,2009228,2032196,2055734,2079915,2106375,2137040,2173170,2215621,2263934,2316520,2370992,2425561,2479713,2533794
NR,Nauru,9155,9348,9546,9719,9857,9969,10029,10057,10046,10040,10037,10052,10080,10106,10126,10114,10071,10002,9947,9945,10025,10057,10279,10821,11853,12475,13049,13649
NP,Nepal,18749406,19245054,19773772,20321175,20867130,21396384,21903379,22389803,22856305,23305994,23740911,24161777,24566342,24950623,25309449,25640287,25940618,26214847,26475859,26741103,27023137,27327147,27649925,27985310,28323241,28656282,28982771,29304998
NL,Netherlands,14951510,15069798,15184166,15290368,15382838,15459006,15530498,15610650,15707209,15812088,15925513,16046180,16148929,16225302,16281779,16319868,16346101,16381696,16445593,16530388,16615394,16693074,16754962,16804432,16865008,16939923,17030314,17132854
NC,New Caledonia,170899,175362,179799,184496,189482,193816,197564,201418,205279,209214,213230,217324,221490,225296,228750,232250,235750,239250,242750,245950,249750,254350,259000,263650,268050,272400,276550,280460
NZ,New Zealand,3329800,3495100,3531700,3572200,3620000,3673400,3732000,3781300,3815000,3835100,3857700,3880500,3948500,4027200,4087500,4133900,4184600,4223800,4259800,4302600,4350700,4384000,4408100,4442100,4509700,4595700,4693200,4793900
NI,Nicaragua,4144565,4236801,4331277,4426580,4520725,4612228,4700779,4786640,4869626,4949660,5026796,5100750,5171734,5240879,5309703,5379328,5450211,5522106,5594506,5666581,5737723,5807820,5877108,5945747,6013997,6082035,6149928,6217581
NE,Niger,8012861,8272976,8549424,8842415,9151763,9477333,9819964,10180061,10556549,10947829,11352973,11771976,12206002,12656870,13127012,13618449,14132064,14668338,15228525,15813913,16425578,17064636,17731634,18426372,19148219,19896965,20672987,21477348
NG,Nigeria,95269988,97726323,100221563,102761737,105355783,108011465,110732904,113522705,116385750,119327073,122352009,125463434,128666710,131972533,135393616,138939478,142614094,146417024,150347390,154402181,158578261,162877076,167297284,171829303,176460502,181181744,185989640,190886311
Unknown,North America,277473326,281211703,285092192,288811320,292297226,295691746,299126029,302704697,306162843,309600485,312993944,316113359,319050105,321847258,324864038,327892753,331014940,334184023,337405012,340465736,343408819,346051624,348808615,351451876,354223012,356937591,359735880,362492702
MP,Northern Mariana Islands,42538,45249,47919,50602,53380,56278,59364,62528,65474,67755,69094,69388,68763,67422,65663,63744,61688,59513,57431,55674,54424,53786,53718,54036,54468,54816,55023,55144
NO,Norway,4241473,4261732,4286401,4311991,4336613,4359184,4381336,4405157,4431464,4461913,4490967,4513751,4538159,4564855,4591910,4623291,4660677,4709153,4768212,4828726,4889252,4953088,5018573,5079623,5137232,5190239,5234519,5282223
Unknown,OECD members,1072793105,1082472189,1092297098,1101667703,1110542679,1119229507,1127684727,1136083409,1144146467,1152210193,1160068208,1168255846,1176489220,1184744057,1193061799,1201387655,1210090990,1219114314,1228624922,1237366149,1245479028,1251781641,1259608786,1267734036,1276165062,1284497900,1292855641,1300865255
OM,Oman,1812160,1893771,1983277,2072111,2148428,2204283,2236666,2249773,2251875,2254918,2267991,2294787,2334285,2385255,2444751,2511269,2582991,2662762,2759014,2882942,3041460,3237268,3464644,3711481,3960925,4199810,4424762,4636262
Unknown,Other small states,17470899,17850910,18191020,18507861,18829542,19149327,19478909,19820997,20170823,20549707,20939372,21324121,21722065,22141340,22600520,23112789,23681565,24300791,24955735,25615419,26267053,26900149,27529595,28153079,28774019,29396503,30012500,30621014
Unknown,Pacific island small states,1694408,1721262,1750902,1782065,1812877,1841944,1869026,1894564,1918741,1941848,1964216,1985712,2006448,2027212,2049025,2072665,2098492,2126235,2155339,2184837,2214096,2242763,2271298,2300045,2329458,2358955,2388875,2419188
PK,Pakistan,107678614,110730420,113747135,116749560,119769556,122829148,125938339,129086987,132253264,135405584,138523285,141601437,144654143,147703401,150780300,153909667,157093993,160332974,163644603,167049580,170560182,174184265,177911533,181712595,185546257,189380513,193203476,197015955
PW,Palau,15088,15474,15894,16342,16806,17253,17691,18123,18524,18879,19175,19404,19574,19700,19804,19906,20012,20116,20228,20342,20470,20599,20758,20920,21094,21288,21503,21729
PA,Panama,2471009,2523181,2576018,2629644,2684183,2739730,2796344,2853941,2912328,2971197,3030347,3089684,3149265,3209174,3269541,3330465,3391905,3453807,3516268,3579385,3643222,3707782,3772938,3838462,3903986,3969249,4034119,4098587
PG,Papua New Guinea,4313059,4423007,4535520,4651169,4770606,4894276,5022437,5154910,5291178,5430479,5572222,5716152,5862316,6010724,6161517,6314709,6470272,6627922,6787187,6947447,7108239,7269348,7430836,7592865,7755785,7919825,8084991,8251162
PY,Paraguay,4213742,4323410,4432736,4541902,4651225,4760850,4870694,4980344,5089310,5196937,5302700,5406624,5508611,5607950,5703740,5795494,5882796,5966159,6047117,6127837,6209877,6293783,6379219,6465740,6552584,6639119,6725308,6811297
PE,Peru,21826658,22283128,22737056,23184228,23619356,24038760,24441074,24827406,25199748,25561299,25914879,26261363,26601467,26937738,27273194,27610410,27949944,28292724,28641980,29001507,29373646,29759989,30158966,30565716,30973354,31376671,31773839,32165485
PH,Philippines,61947348,63508459,65075486,66650247,68236230,69835715,71446107,73064764,74693695,76335812,77991569,79665315,81352060,83031954,84678493,86274237,87809419,89293490,90751864,92220879,93726624,95277940,96866642,98481032,100102249,101716359,103320222,104918090
PL,Poland,38110782,38246193,38363667,38461408,38542652,38594998,38624370,38649660,38663481,38660271,38258629,38248076,38230364,38204570,38182222,38165445,38141267,38120560,38125759,38151603,38042794,38063255,38063164,38040196,38011735,37986412,37970087,37975841
PT,Portugal,9983218,9960235,9952494,9964675,9991525,10026176,10063945,10108977,10160196,10217828,10289898,10362722,10419631,10458821,10483861,10503330,10522288,10542964,10558177,10568247,10573100,10557560,10514844,10457295,10401062,10358076,10325452,10293718
Unknown,Post-demographic dividend,964601905,970905787,977731114,984287544,989994337,995414348,1000643919,1005863664,1010698895,1015607144,1020591853,1025668441,1030742327,1035918962,1041303140,1046610820,1052236684,1058174510,1064603304,1070107590,1075131208,1078064180,1082727404,1087610209,1092678876,1097735849,1102778565,1107374909
PR,Puerto Rico,3537000,3562110,3585176,3615497,3649237,3683103,3724655,3759430,3781101,3800081,3810605,3818774,3823701,3826095,3826878,3821362,3805214,3782995,3760866,3740410,3721525,3678732,3634488,3593077,3534874,3473177,3406520,3337177
QA,Qatar,476445,487491,495517,501566,507095,513455,522304,534608,550430,569447,592267,616886,645659,688586,758855,864863,1010382,1189633,1389342,1590780,1779676,1952054,2109568,2250473,2374419,2481539,2569804,2639211
RO,Romania,23201835,23001155,22794284,22763280,22730211,22684270,22619004,22553978,22507344,22472040,22442971,22131970,21730496,21574326,21451748,21319685,21193760,20882982,20537875,20367487,20246871,20147528,20058035,19983693,19908979,19815481,19702332,19586539
RU,Russian Federation,148292000,148624000,148689000,148520000,148336000,148375726,148160042,147915307,147670692,147214392,146596557,145976083,145306046,144648257,144067054,143518523,143049528,142805088,142742350,142785342,142849449,142960868,143201676,143506911,143819666,144096870,144342396,144495044
RW,Rwanda,7235798,7051759,6701851,6299909,6005095,5928078,6115168,6522382,7059813,7593239,8025703,8329406,8536205,8680346,8818438,8991735,9206580,9447402,9708169,9977446,10246842,10516071,10788853,11065151,11345357,11629553,11917508,12208407
WS,Samoa,162866,164076,165570,167207,168788,170157,171283,172198,172981,173755,174610,175566,176582,177662,178781,179929,181094,182286,183526,184826,186205,187665,189194,190757,192290,193759,195125,196440
SM,San Marino,24043,24386,24749,25141,25516,25877,26209,26508,26799,27096,27418,27762,28121,28494,28866,29240,29614,29977,30351,30723,31110,31504,31914,32303,32657,32960,33203,33400
ST,Sao Tome and Principe,113893,116294,118816,121407,123973,126454,128821,131107,133418,135886,138606,141622,144889,148372,151969,155630,159328,163101,166913,170813,174776,178800,182889,187045,191266,195553,199910,204327
SA,Saudi Arabia,16326815,16867829,17378833,17859750,18311090,18735841,19131578,19505576,19882458,20294406,20764312,21303592,21906308,22556425,23228890,23905654,24578301,25252569,25940770,26661492,27425676,28238020,29086357,29944476,30776722,31557144,32275687,32938213
SN,Senegal,7555617,7789653,8029725,8272170,8512173,8746606,8974077,9196528,9418393,9645957,9884052,10134497,10396861,10670990,10955944,11251266,11556763,11873557,12203957,12550917,12916229,13300910,13703513,14120320,14546111,14976994,15411614,15850567
RS,Serbia,7586000,7595636,7646424,7699307,7734639,7625357,7617794,7596501,7567745,7540401,7516346,7503433,7496522,7480591,7463157,7440769,7411569,7381579,7350222,7320807,7291436,7234099,7199077,7164132,7130576,7095383,7058322,7022268
SC,Seychelles,69507,70439,70763,72253,74205,75304,76417,77319,78846,80410,81131,81202,83723,82781,82475,82858,84600,85033,86956,87298,89770,87441,88303,89949,91359,93419,94677,95843
SL,Sierra Leone,4312246,4337239,4331332,4307299,4283621,4274819,4282350,4305455,4353646,4437803,4564297,4739147,4957216,5199549,5439695,5658379,5848692,6015417,6165372,6310260,6458720,6611692,6766103,6922079,7079162,7237025,7396190,7557212
SG,Singapore,3047132,3135083,3230698,3313471,3419048,3524506,3670704,3796038,3927213,3958723,4027887,4138012,4175950,4114826,4166664,4265762,4401365,4588599,4839396,4987573,5076732,5183688,5312437,5399162,5469724,5535002,5607283,5612253
SX,Sint Maarten (Dutch part),,,,,,,,,31240,31084,30519,30600,30777,31472,32488,33011,33441,33811,33964,34238,34056,33435,34640,36607,37685,38824,39969,41109
SK,Slovak Republic,5299187,5303294,5305016,5325305,5346331,5361999,5373361,5383291,5390516,5396020,5388720,5378867,5376912,5373374,5372280,5372807,5373054,5374622,5379233,5386406,5391428,5398384,5407579,5413393,5418649,5423801,5430798,5439892
SI,Slovenia,1998161,1999429,1996498,1991746,1989443,1989872,1988628,1985956,1981629,1983045,1988925,1992060,1994530,1995733,1997012,2000474,2006868,2018122,2021316,2039669,2048583,2052843,2057159,2059953,2061980,2063531,2065042,2066748
Unknown,Small states,25186921,25642376,26066187,26471464,26880995,27284098,27691618,28107601,28528151,28976065,29434279,29887049,30352305,30838828,31365918,31947386,32586895,33278247,34006389,34739790,35465245,36171934,36875022,37572012,38266156,38960406,39646847,40324496
SB,Solomon Islands,311840,320753,329953,339456,349225,359225,369469,379947,390643,401538,412609,423853,435262,446769,458324,469885,481422,492940,504477,516079,527790,539614,551531,563513,575504,587482,599419,611343
SO,Somalia,7397347,7455936,7488544,7519811,7583954,7704894,7892389,8137475,8422372,8720231,9011479,9290823,9564167,9836397,10116228,10409925,10718317,11038596,11369276,11707990,12053223,12404725,12763776,13132349,13513125,13908129,14317996,14742523
ZA,South Africa,37560525,38437855,39360225,40300161,41218901,42088165,42898520,43657024,44372112,45058775,45728315,46385006,47026173,47648727,48247395,48820586,49364582,49887181,50412129,50970818,51584663,52263516,52998213,53767396,54539571,55291225,56015473,56717156
Unknown,South Asia,1133089464,1158058109,1183253534,1208612942,1234059205,1259530819,1284978193,1310387887,1335777637,1361185289,1386625845,1412104373,1437568227,1462906674,1487975237,1512670560,1536943534,1560818860,1584359049,1607663899,1630806784,1653798614,1676615491,1699310450,1721847786,1744199944,1766393714,1788388852
Unknown,South Asia (IDA & IBRD),1133089464,1158058109,1183253534,1208612942,1234059205,1259530819,1284978193,1310387887,1335777637,1361185289,1386625845,1412104373,1437568227,1462906674,1487975237,1512670560,1536943534,1560818860,1584359049,1607663899,1630806784,1653798614,1676615491,1699310450,1721847786,1744199944,1766393714,1788388852
SS,South Sudan,5768481,5705378,5599814,5490915,5431738,5459519,5591114,5814006,6099923,6405864,6700656,6974442,7237276,7501642,7787655,8108877,8468152,8856800,9263136,9670667,10067192,10448857,10818258,11177490,11530971,11882136,12230730,12575714
ES,Spain,38867322,38966376,39157685,39361262,39549108,39724050,39889852,40057389,40223509,40386875,40567864,40850412,41431558,42187645,42921895,43653155,44397319,45226803,45954106,46362946,46576897,46742697,46773055,46620045,46480882,46444832,46484062,46572028
LK,Sri Lanka,17329713,17539633,17740637,17928576,18098348,18247121,18372120,18476505,18570701,18669103,18781938,18913054,19059300,19215307,19372538,19524558,19670151,19810789,19945832,20075086,20198353,20315017,20425000,20585000,20771000,20966000,21203000,21444000
KN,St. Kitts and Nevis,40834,41013,41361,41846,42373,42891,43373,43846,44317,44824,45374,45990,46641,47306,47971,48611,49210,49783,50332,50886,51445,52006,52591,53169,53739,54288,54821,55345
LC,St. Lucia,138185,140156,141925,143565,145247,147044,149004,151086,153183,155172,156949,158464,159763,160973,162251,163714,165407,167288,169220,171022,172580,173832,174835,175660,176421,177206,178015,178844
MF,St. Martin (French part),30036,31821,32892,33238,33098,32712,32102,31304,30358,29305,28384,27782,27450,27363,27514,27906,28414,28905,29376,29820,30235,30615,30959,31264,31530,31754,31949,32125
VC,St. Vincent and the Grenadines,107505,107814,108003,108092,108129,108122,108075,108004,107922,107880,107898,107988,108146,108350,108559,108744,108907,109047,109165,109253,109315,109341,109328,109320,109357,109455,109643,109897
Unknown,Sub-Saharan Africa,512177101,526599014,541365685,556451898,571828603,587469624,603385639,619607956,636182577,653179863,670649638,688615995,707099850,726140617,745788118,766080507,787035792,808660166,830965556,853953657,877628367,901989926,927039875,952734072,979017918,1005850049,1033212743,1061107721
Unknown,Sub-Saharan Africa (excluding high income),512107594,526528575,541294922,556379645,571754398,587394320,603309222,619530637,636103731,653099453,670568507,688534793,707016127,726057836,745705643,765997649,786951192,808575133,830878600,853866359,877538597,901902485,926951572,952644123,978926559,1005756630,1033118066,1061011878
Unknown,Sub-Saharan Africa (IDA & IBRD countries),512177101,526599014,541365685,556451898,571828603,587469624,603385639,619607956,636182577,653179863,670649638,688615995,707099850,726140617,745788118,766080507,787035792,808660166,830965556,853953657,877628367,901989926,927039875,952734072,979017918,1005850049,1033212743,1061107721
SD,Sudan,20147590,20893625,21701476,22535937,23347885,24102986,24786190,25410451,26003542,26607042,27250535,27945005,28679565,29435944,30186341,30911914,31607064,32282526,32955496,33650619,34385963,35167314,35990192,36849918,37737913,38647803,39578828,40533330
SR,Suriname,407472,415216,422763,430039,437037,443724,450036,455954,461560,467003,472390,477740,483044,488332,493630,498946,504307,509705,515148,520619,526103,531589,537077,542540,547928,553208,558368,563402
SE,Sweden,8558835,8617375,8668067,8718561,8780745,8826939,8840998,8846062,8850974,8857874,8872109,8895960,8924958,8958229,8993531,9029572,9080505,9148092,9219637,9298515,9378126,9449213,9519374,9600379,9696110,9799186,9923085,10067744
CH,Switzerland,6715519,6799978,6875364,6938265,6993795,7040687,7071850,7088906,7110001,7143991,7184250,7229854,7284753,7339001,7389625,7437115,7483934,7551117,7647675,7743831,7824909,7912398,7996861,8089346,8188649,8282396,8373338,8466017
SY,Syrian Arab Republic,12446171,12815219,13187085,13564167,13949697,14345492,14755286,15177456,15602210,16016092,16410848,16766899,17087901,17415266,17806638,18294611,18914977,19632806,20325443,20824893,21018834,20863993,20420701,19809141,19203090,18734987,18430453,18269868
TJ,Tajikistan,5283728,5400714,5502976,5594114,5679832,5764712,5849540,5934282,6021691,6114886,6216205,6327125,6447688,6576877,6712841,6854176,7000557,7152385,7309728,7472819,7641630,7815949,7995062,8177809,8362745,8548651,8734951,8921343
TZ,Tanzania,25459604,26315013,27219619,28149328,29070615,29960776,30811854,31635251,32451713,33291540,34178042,35117019,36105808,37149072,38249984,39410545,40634948,41923715,43270144,44664231,46098591,47570902,49082997,50636595,52234869,53879957,55572201,57310019
TH,Thailand,56582821,57258401,57837878,58364891,58901666,59491790,60151472,60863506,61597283,62306651,62958021,63543322,64073164,64554952,65002231,65425470,65824164,66195615,66545760,66881867,67208808,67530130,67843979,68143065,68416772,68657600,68863514,69037513
TL,Timor-Leste,751933,777011,805435,833611,856684,871447,875916,871994,865194,863269,871607,892531,923825,960852,996698,1026484,1048621,1064973,1078110,1092021,1109591,1131523,1156760,1184366,1212814,1240977,1268671,1296311
TG,Togo,3786940,3882271,3973327,4064926,4163642,4274024,4398238,4534551,4679023,4825704,4970367,5111770,5251472,5391401,5534598,5683268,5837792,5997385,6161796,6330472,6502952,6679282,6859482,7042948,7228915,7416802,7606374,7797694
TO,Tonga,95153,95333,95496,95644,95833,96076,96369,96725,97135,97591,98082,98611,99184,99789,100406,101041,101689,102357,103005,103604,104137,104577,104951,105328,105782,106364,107122,108020
TT,Trinidad and Tobago,1221900,1229907,1237487,1244407,1250318,1255001,1258364,1260678,1262542,1264775,1267984,1272380,1277837,1284052,1290535,1296934,1303144,1309260,1315372,1321618,1328100,1334788,1341588,1348248,1354493,1360092,1364962,1369125
TN,Tunisia,8232797,8417684,8603225,8784888,8956596,9113975,9256037,9384152,9499395,9603742,9699197,9785701,9864326,9939678,10017601,10102482,10196136,10298087,10407336,10521834,10639931,10761467,10886668,11014558,11143908,11273661,11403248,11532127
TR,Turkey,53921699,54840531,55748875,56653729,57564132,58486381,59423208,60372499,61329590,62287326,63240121,64191474,65143054,66085803,67007855,67903406,68763405,69597281,70440032,71339185,72326914,73409455,74569867,75787333,77030628,78271472,79512426,80745020
TM,Turkmenistan,3683966,3789185,3899843,4010789,4115099,4207840,4287344,4355114,4413477,4466132,4516131,4564080,4610002,4655741,4703398,4754641,4810105,4870137,4935762,5007950,5087210,5174061,5267839,5366277,5466241,5565284,5662544,5758075
TC,Turks and Caicos Islands,11552,12206,12968,13789,14597,15332,15966,16528,17115,17864,18873,20185,21742,23410,25028,26448,27642,28640,29481,30245,30994,31731,32431,33108,33739,34339,34900,35446
TV,Tuvalu,9003,9053,9109,9156,9190,9230,9256,9277,9306,9345,9420,9512,9635,9767,9894,10027,10137,10243,10340,10441,10531,10628,10725,10819,10908,11001,11097,11192
UG,Uganda,17438907,18040438,18652889,19275422,19907634,20550291,21202118,21865931,22551789,23272995,24039274,24854892,25718048,26624820,27568436,28543940,29550662,30590487,31663896,32771895,33915133,35093648,36306796,37553726,38833338,40144870,41487965,42862958
UA,Ukraine,51892000,52000470,52150266,52179210,51921041,51512299,51057189,50594105,50143939,49673350,49175848,48683865,48202500,47812950,47451600,47105150,46787750,46509350,46258200,46053300,45870700,45706100,45593300,45489600,45271947,45154029,45004645,44831159
AE,United Arab Emirates,1860174,1970026,2086639,2207405,2328686,2448820,2571020,2700010,2838145,2988162,3154925,3326032,3507232,3741932,4087931,4579562,5242032,6044067,6894278,7666393,8270684,8672475,8900453,9006263,9070867,9154302,9269612,9400145
GB,United Kingdom,57247586,57424897,57580402,57718614,57865745,58019030,58166950,58316954,58487141,58682466,58892514,59119673,59370479,59647577,59987905,60401206,60846820,61322463,61806995,62276270,62766365,63258918,63700300,64128226,64613160,65128861,65595565,66022273
US,United States,249623000,252981000,256514000,259919000,263126000,266278000,269394000,272657000,275854000,279040000,282162411,284968955,287625193,290107933,292805298,295516599,298379912,301231207,304093966,306771529,309338421,311644280,313993272,316234505,318622525,321039839,323405935,325719178
Unknown,Upper middle income,2016620835,2045004596,2071319405,2096571016,2121533883,2146161975,2170438981,2194549894,2217937280,2239999771,2260805982,2280191396,2298541505,2316548374,2334313912,2352105140,2369650785,2386824787,2404283410,2422393813,2440543075,2459175685,2478491686,2498184210,2517979764,2537437057,2556921923,2576202556
UY,Uruguay,3109989,3132050,3154855,3178155,3201607,3224804,3248035,3271010,3292138,3309318,3321245,3327103,3327773,3325637,3324096,3325612,3331043,3339741,3350824,3362755,3374415,3385624,3396777,3408005,3419546,3431552,3444006,3456750
UZ,Uzbekistan,20510000,20952000,21449000,21942000,22377000,22785000,23225000,23667000,24051000,24311650,24650400,24964450,25271850,25567650,25864350,26167000,26488250,26868000,27302800,27767400,28562400,29339400,29774500,30243200,30757700,31298900,31847900,32387200
VU,Vanuatu,146634,150778,155243,159814,164208,168235,171801,174999,178078,181345,185063,189290,193956,198964,204143,209370,214634,219953,225340,230785,236295,241871,247485,253142,258850,264603,270402,276244
VE,"Venezuela, RB",19861956,20332079,20799075,21263443,21726352,22188667,22650102,23110178,23569454,24028689,24488340,24948476,25408700,25868523,26327225,26784161,27239168,27691965,28141701,28587323,29028033,29463291,29893080,30317848,30738378,31155134,31568179,31977065
VN,Vietnam,68209605,69670902,71130448,72560427,73925082,75198977,76372719,77453335,78452897,79391374,80285562,81139919,81956496,82747662,83527678,84308843,85094617,85889590,86707801,87565407,88472512,89436644,90451881,91497725,92544915,93571567,94569072,95540800
VI,Virgin Islands (U.S.),103963,104807,105712,106578,107318,107818,108095,108357,108537,108599,108642,108549,108510,108506,108467,108454,108371,108339,108399,108405,108358,108292,108191,108044,107884,107710,107510,107268
PS,West Bank and Gaza,1978248,2068845,2163591,2262676,2366298,2474666,2587997,2706518,2776568,2848431,2922153,2997784,3075373,3154969,3236626,3320396,3406334,3494496,3596688,3702218,3811102,3927051,4046901,4169506,4294682,4422143,4551566,4684777
Unknown,World,5288103214,5375488619,5459753865,5544873088,5628791176,5713794372,5796632117,5879433900,5961166037,6041818586,6121682736,6201340258,6280530065,6359899296,6439825381,6520298763,6601476541,6683223772,6766296679,6849569339,6932869743,7014983968,7099557649,7185137526,7271322821,7357559450,7444157356,7530360149
YE,"Yemen, Rep.",12057039,12661614,13325583,14017239,14692686,15320653,15889449,16408954,16896210,17378098,17874725,18390135,18919179,19462086,20017068,20582927,21160534,21751605,22356391,22974929,23606779,24252206,24909969,25576322,26246327,26916207,27584213,28250420
ZM,Zambia,8027253,8239732,8452275,8669168,8896109,9137077,9394304,9666578,9950224,10239714,10531221,10824125,11120409,11421984,11731746,12052156,12383446,12725974,13082517,13456417,13850033,14264756,14699937,15153210,15620974,16100587,16591390,17094130
ZW,Zimbabwe,10183113,10443043,10682868,10905756,11116948,11320346,11518262,11709997,11893272,12064537,12222251,12366165,12500525,12633897,12777511,12940032,13124267,13329909,13558469,13810599,14086317,14386649,14710826,15054506,15411675,15777451,16150362,16529904
